rate,c0,t,w
0.2,20,1,1.0
0.2,20,2,1.0
0.2,20,3,1.0
0.2,20,4,1.0
0.2,20,5,1.0
0.2,20,6,1.0
0.2,20,7,1.0
0.2,20,8,1.0
0.2,20,9,1.0
0.2,20,10,1.0
0.2,20,11,1.0
0.2,20,12,1.0
0.2,20,13,1.0
0.2,20,14,1.0
0.2,20,15,1.0
0.2,20,16,1.0
0.2,20,17,1.0
0.2,20,18,1.0
0.2,20,19,1.0
0.2,20,20,1.0
0.2,20,21,1.0
0.2,20,22,1.0
0.2,20,23,1.0
0.2,20,24,1.0
0.2,20,25,1.0
0.2,20,26,1.0
0.2,20,27,1.0
0.2,20,28,1.0
0.2,20,29,1.0
0.2,20,30,1.0
0.2,20,31,1.0
0.2,20,32,1.0
0.2,20,33,1.0
0.2,20,34,1.0
0.2,20,35,1.0
0.2,20,36,1.0
0.2,20,37,1.0
0.2,20,38,1.0
0.2,20,39,1.0
0.2,20,40,1.0
0.2,20,41,1.0
0.2,20,42,1.0
0.2,20,43,1.0
0.2,20,44,1.0
0.2,20,45,1.0
0.2,20,46,1.0
0.2,20,47,1.0
0.2,20,48,1.0
0.2,20,49,1.0
0.2,20,50,1.0
0.2,20,51,1.0
0.2,20,52,1.0169491525423728
0.2,20,53,1.0344827586206897
0.2,20,54,1.0344827586206897
0.2,20,55,1.0344827586206897
0.2,20,56,1.0344827586206897
0.2,20,57,1.0344827586206897
0.2,20,58,1.0344827586206897
0.2,20,59,1.0344827586206897
0.2,20,60,1.0344827586206897
0.2,20,61,1.0526315789473684
0.2,20,62,1.0526315789473684
0.2,20,63,1.0526315789473684
0.2,20,64,1.0526315789473684
0.2,20,65,1.0714285714285714
0.2,20,66,1.0714285714285714
0.2,20,67,1.0714285714285714
0.2,20,68,1.0714285714285714
0.2,20,69,1.0714285714285714
0.2,20,70,1.0714285714285714
0.2,20,71,1.0714285714285714
0.2,20,72,1.0714285714285714
0.2,20,73,1.0714285714285714
0.2,20,74,1.1111111111111112
0.2,20,75,1.1111111111111112
0.2,20,76,1.1111111111111112
0.2,20,77,1.1111111111111112
0.2,20,78,1.1111111111111112
0.2,20,79,1.1111111111111112
0.2,20,80,1.1111111111111112
0.2,20,81,1.1111111111111112
0.2,20,82,1.1111111111111112
0.2,20,83,1.1111111111111112
0.2,20,84,1.1111111111111112
0.2,20,85,1.1320754716981132
0.2,20,86,1.1320754716981132
0.2,20,87,1.1320754716981132
0.2,20,88,1.1320754716981132
0.2,20,89,1.1320754716981132
0.2,20,90,1.1320754716981132
0.2,20,91,1.1538461538461537
0.2,20,92,1.1538461538461537
0.2,20,93,1.1538461538461537
0.2,20,94,1.1538461538461537
0.2,20,95,1.1538461538461537
0.2,20,96,1.1538461538461537
0.2,20,97,1.1538461538461537
0.2,20,98,1.1538461538461537
0.2,20,99,1.1538461538461537
0.2,20,100,1.1538461538461537
0.2,20,101,1.1538461538461537
0.2,20,102,1.1538461538461537
0.2,20,103,1.1538461538461537
0.2,20,104,1.1538461538461537
0.2,20,105,1.1538461538461537
0.2,20,106,1.1538461538461537
0.2,20,107,1.1538461538461537
0.2,20,108,1.1538461538461537
0.2,20,109,1.1538461538461537
0.2,20,110,1.1538461538461537
0.2,20,111,1.1538461538461537
0.2,20,112,1.1538461538461537
0.2,20,113,1.1538461538461537
0.2,20,114,1.1538461538461537
0.2,20,115,1.1764705882352942
0.2,20,116,1.1764705882352942
0.2,20,117,1.1764705882352942
0.2,20,118,1.1764705882352942
0.2,20,119,1.1764705882352942
0.2,20,120,1.1764705882352942
0.2,20,121,1.1764705882352942
0.2,20,122,1.1764705882352942
0.2,20,123,1.1764705882352942
0.2,20,124,1.1764705882352942
0.2,20,125,1.1764705882352942
0.2,20,126,1.1764705882352942
0.2,20,127,1.1764705882352942
0.2,20,128,1.1764705882352942
0.2,20,129,1.2
0.2,20,130,1.2
0.2,20,131,1.2
0.2,20,132,1.2
0.2,20,133,1.2
0.2,20,134,1.2
0.2,20,135,1.2244897959183674
0.2,20,136,1.2244897959183674
0.2,20,137,1.2244897959183674
0.2,20,138,1.2244897959183674
0.2,20,139,1.2244897959183674
0.2,20,140,1.2244897959183674
0.2,20,141,1.2244897959183674
0.2,20,142,1.2244897959183674
0.2,20,143,1.2244897959183674
0.2,20,144,1.2244897959183674
0.2,20,145,1.2244897959183674
0.2,20,146,1.2244897959183674
0.2,20,147,1.2244897959183674
0.2,20,148,1.2244897959183674
0.2,20,149,1.2244897959183674
0.2,20,150,1.2244897959183674
0.2,20,151,1.2244897959183674
0.2,20,152,1.25
0.2,20,153,1.25
0.2,20,154,1.25
0.2,20,155,1.25
0.2,20,156,1.25
0.2,20,157,1.25
0.2,20,158,1.25
0.2,20,159,1.25
0.2,20,160,1.25
0.2,20,161,1.25
0.2,20,162,1.25
0.2,20,163,1.25
0.2,20,164,1.25
0.2,20,165,1.25
0.2,20,166,1.25
0.2,20,167,1.25
0.2,20,168,1.25
0.2,20,169,1.25
0.2,20,170,1.25
0.2,20,171,1.25
0.2,20,172,1.25
0.2,20,173,1.25
0.2,20,174,1.25
0.2,20,175,1.25
0.2,20,176,1.25
0.2,20,177,1.25
0.2,20,178,1.25
0.2,20,179,1.25
0.2,20,180,1.25
0.2,20,181,1.25
0.2,20,182,1.25
0.2,20,183,1.25
0.2,20,184,1.25
0.2,20,185,1.25
0.2,20,186,1.25
0.2,20,187,1.25
0.2,20,188,1.25
0.2,20,189,1.25
0.2,20,190,1.2765957446808511
0.2,20,191,1.2765957446808511
0.2,20,192,1.2765957446808511
0.2,20,193,1.2765957446808511
0.2,20,194,1.2765957446808511
0.2,20,195,1.2765957446808511
0.2,20,196,1.2765957446808511
0.2,20,197,1.2765957446808511
0.2,20,198,1.2765957446808511
0.2,20,199,1.2765957446808511
0.2,20,200,1.2765957446808511
0.2,20,201,1.2765957446808511
0.2,20,202,1.2765957446808511
0.2,20,203,1.2765957446808511
0.2,20,204,1.2765957446808511
0.2,20,205,1.2765957446808511
0.2,20,206,1.3043478260869565
0.2,20,207,1.3043478260869565
0.2,20,208,1.3043478260869565
0.2,20,209,1.3043478260869565
0.2,20,210,1.3043478260869565
0.2,20,211,1.3043478260869565
0.2,20,212,1.3043478260869565
0.2,20,213,1.3043478260869565
0.2,20,214,1.3043478260869565
0.2,20,215,1.3043478260869565
0.2,20,216,1.3043478260869565
0.2,20,217,1.3043478260869565
0.2,20,218,1.3043478260869565
0.2,20,219,1.3043478260869565
0.2,20,220,1.3043478260869565
0.2,20,221,1.3043478260869565
0.2,20,222,1.3043478260869565
0.2,20,223,1.3043478260869565
0.2,20,224,1.3333333333333333
0.2,20,225,1.3333333333333333
0.2,20,226,1.3333333333333333
0.2,20,227,1.3333333333333333
0.2,20,228,1.3333333333333333
0.2,20,229,1.3333333333333333
0.2,20,230,1.3636363636363635
0.2,20,231,1.3636363636363635
0.2,20,232,1.3636363636363635
0.2,20,233,1.3636363636363635
0.2,20,234,1.3636363636363635
0.2,20,235,1.3636363636363635
0.2,20,236,1.3636363636363635
0.2,20,237,1.3636363636363635
0.2,20,238,1.3636363636363635
0.2,20,239,1.3636363636363635
0.2,20,240,1.3636363636363635
0.2,20,241,1.3636363636363635
0.2,20,242,1.3636363636363635
0.2,20,243,1.3636363636363635
0.2,20,244,1.3636363636363635
0.2,20,245,1.3636363636363635
0.2,20,246,1.3636363636363635
0.2,20,247,1.3636363636363635
0.2,20,248,1.3636363636363635
0.2,20,249,1.3636363636363635
0.2,20,250,1.3953488372093024
0.2,20,251,1.3953488372093024
0.2,20,252,1.3953488372093024
0.2,20,253,1.3953488372093024
0.2,20,254,1.4285714285714286
0.2,20,255,1.4285714285714286
0.2,20,256,1.4285714285714286
0.2,20,257,1.4285714285714286
0.2,20,258,1.4285714285714286
0.2,20,259,1.4285714285714286
0.2,20,260,1.4285714285714286
0.2,20,261,1.4285714285714286
0.2,20,262,1.4285714285714286
0.2,20,263,1.4285714285714286
0.2,20,264,1.4634146341463414
0.2,20,265,1.4634146341463414
0.2,20,266,1.4634146341463414
0.2,20,267,1.4634146341463414
0.2,20,268,1.4634146341463414
0.2,20,269,1.4634146341463414
0.2,20,270,1.4634146341463414
0.2,20,271,1.4634146341463414
0.2,20,272,1.4634146341463414
0.2,20,273,1.4634146341463414
0.2,20,274,1.4634146341463414
0.2,20,275,1.4634146341463414
0.2,20,276,1.4634146341463414
0.2,20,277,1.4634146341463414
0.2,20,278,1.4634146341463414
0.2,20,279,1.4634146341463414
0.2,20,280,1.4634146341463414
0.2,20,281,1.4634146341463414
0.2,20,282,1.4634146341463414
0.2,20,283,1.4999999999999998
0.2,20,284,1.4999999999999998
0.2,20,285,1.4999999999999998
0.2,20,286,1.4999999999999998
0.2,20,287,1.4999999999999998
0.2,20,288,1.4999999999999998
0.2,20,289,1.4999999999999998
0.2,20,290,1.4999999999999998
0.2,20,291,1.4999999999999998
0.2,20,292,1.4999999999999998
0.2,20,293,1.4999999999999998
0.2,20,294,1.4999999999999998
0.2,20,295,1.4999999999999998
0.2,20,296,1.4999999999999998
0.2,20,297,1.4999999999999998
0.2,20,298,1.4999999999999998
0.2,20,299,1.4999999999999998
0.2,20,300,1.4999999999999998
0.2,20,301,1.4999999999999998
0.2,20,302,1.4999999999999998
0.2,20,303,1.4999999999999998
0.2,20,304,1.4999999999999998
0.2,20,305,1.4999999999999998
0.2,20,306,1.4999999999999998
0.2,20,307,1.4999999999999998
0.2,20,308,1.4999999999999998
0.2,20,309,1.4999999999999998
0.2,20,310,1.4999999999999998
0.2,20,311,1.4999999999999998
0.2,20,312,1.4999999999999998
0.2,20,313,1.4999999999999998
0.2,20,314,1.4999999999999998
0.2,20,315,1.4999999999999998
0.2,20,316,1.4999999999999998
0.2,20,317,1.4999999999999998
0.2,20,318,1.4999999999999998
0.2,20,319,1.4999999999999998
0.2,20,320,1.4999999999999998
0.2,20,321,1.4999999999999998
0.2,20,322,1.4999999999999998
0.2,20,323,1.4999999999999998
0.2,20,324,1.4999999999999998
0.2,20,325,1.4999999999999998
0.2,20,326,1.4999999999999998
0.2,20,327,1.4999999999999998
0.2,20,328,1.4999999999999998
0.2,20,329,1.4999999999999998
0.2,20,330,1.4999999999999998
0.2,20,331,1.4999999999999998
0.2,20,332,1.4999999999999998
0.2,20,333,1.4999999999999998
0.2,20,334,1.4999999999999998
0.2,20,335,1.4999999999999998
0.2,20,336,1.4999999999999998
0.2,20,337,1.4999999999999998
0.2,20,338,1.4999999999999998
0.2,20,339,1.4999999999999998
0.2,20,340,1.4999999999999998
0.2,20,341,1.4999999999999998
0.2,20,342,1.4999999999999998
0.2,20,343,1.4999999999999998
0.2,20,344,1.4999999999999998
0.2,20,345,1.4999999999999998
0.2,20,346,1.4999999999999998
0.2,20,347,1.4999999999999998
0.2,20,348,1.4999999999999998
0.2,20,349,1.4999999999999998
0.2,20,350,1.4999999999999998
0.2,20,351,1.4999999999999998
0.2,20,352,1.4999999999999998
0.2,20,353,1.4999999999999998
0.2,20,354,1.4999999999999998
0.2,20,355,1.4999999999999998
0.2,20,356,1.4999999999999998
0.2,20,357,1.4999999999999998
0.2,20,358,1.4999999999999998
0.2,20,359,1.5384615384615383
0.2,20,360,1.5384615384615383
0.2,20,361,1.5384615384615383
0.2,20,362,1.5789473684210527
0.2,30,1,1.0
0.2,30,2,1.0
0.2,30,3,1.0
0.2,30,4,1.0
0.2,30,5,1.0
0.2,30,6,1.0
0.2,30,7,1.0
0.2,30,8,1.0
0.2,30,9,1.0
0.2,30,10,1.0
0.2,30,11,1.0
0.2,30,12,1.0
0.2,30,13,1.0
0.2,30,14,1.0
0.2,30,15,1.0
0.2,30,16,1.0
0.2,30,17,1.0
0.2,30,18,1.0
0.2,30,19,1.0
0.2,30,20,1.0
0.2,30,21,1.0
0.2,30,22,1.0
0.2,30,23,1.0
0.2,30,24,1.0
0.2,30,25,1.0
0.2,30,26,1.0
0.2,30,27,1.0
0.2,30,28,1.0
0.2,30,29,1.0
0.2,30,30,1.0
0.2,30,31,1.0
0.2,30,32,1.0
0.2,30,33,1.0
0.2,30,34,1.0
0.2,30,35,1.0
0.2,30,36,1.0
0.2,30,37,1.0
0.2,30,38,1.0
0.2,30,39,1.0
0.2,30,40,1.0
0.2,30,41,1.0
0.2,30,42,1.0169491525423728
0.2,30,43,1.0344827586206897
0.2,30,44,1.0344827586206897
0.2,30,45,1.0344827586206897
0.2,30,46,1.0344827586206897
0.2,30,47,1.0344827586206897
0.2,30,48,1.0344827586206897
0.2,30,49,1.0344827586206897
0.2,30,50,1.0344827586206897
0.2,30,51,1.0526315789473684
0.2,30,52,1.0526315789473684
0.2,30,53,1.0526315789473684
0.2,30,54,1.0526315789473684
0.2,30,55,1.0714285714285714
0.2,30,56,1.0714285714285714
0.2,30,57,1.0714285714285714
0.2,30,58,1.0714285714285714
0.2,30,59,1.0714285714285714
0.2,30,60,1.0714285714285714
0.2,30,61,1.0714285714285714
0.2,30,62,1.0714285714285714
0.2,30,63,1.0714285714285714
0.2,30,64,1.1111111111111112
0.2,30,65,1.1111111111111112
0.2,30,66,1.1111111111111112
0.2,30,67,1.1111111111111112
0.2,30,68,1.1111111111111112
0.2,30,69,1.1111111111111112
0.2,30,70,1.1111111111111112
0.2,30,71,1.1111111111111112
0.2,30,72,1.1111111111111112
0.2,30,73,1.1111111111111112
0.2,30,74,1.1111111111111112
0.2,30,75,1.1320754716981132
0.2,30,76,1.1320754716981132
0.2,30,77,1.1320754716981132
0.2,30,78,1.1320754716981132
0.2,30,79,1.1320754716981132
0.2,30,80,1.1320754716981132
0.2,30,81,1.1538461538461537
0.2,30,82,1.1538461538461537
0.2,30,83,1.1538461538461537
0.2,30,84,1.1538461538461537
0.2,30,85,1.1538461538461537
0.2,30,86,1.1538461538461537
0.2,30,87,1.1538461538461537
0.2,30,88,1.1538461538461537
0.2,30,89,1.1538461538461537
0.2,30,90,1.1538461538461537
0.2,30,91,1.1538461538461537
0.2,30,92,1.1538461538461537
0.2,30,93,1.1538461538461537
0.2,30,94,1.1538461538461537
0.2,30,95,1.1538461538461537
0.2,30,96,1.1538461538461537
0.2,30,97,1.1538461538461537
0.2,30,98,1.1538461538461537
0.2,30,99,1.1538461538461537
0.2,30,100,1.1538461538461537
0.2,30,101,1.1538461538461537
0.2,30,102,1.1538461538461537
0.2,30,103,1.1538461538461537
0.2,30,104,1.1538461538461537
0.2,30,105,1.1764705882352942
0.2,30,106,1.1764705882352942
0.2,30,107,1.1764705882352942
0.2,30,108,1.1764705882352942
0.2,30,109,1.1764705882352942
0.2,30,110,1.1764705882352942
0.2,30,111,1.1764705882352942
0.2,30,112,1.1764705882352942
0.2,30,113,1.1764705882352942
0.2,30,114,1.1764705882352942
0.2,30,115,1.1764705882352942
0.2,30,116,1.1764705882352942
0.2,30,117,1.1764705882352942
0.2,30,118,1.1764705882352942
0.2,30,119,1.2
0.2,30,120,1.2
0.2,30,121,1.2
0.2,30,122,1.2
0.2,30,123,1.2
0.2,30,124,1.2
0.2,30,125,1.2244897959183674
0.2,30,126,1.2244897959183674
0.2,30,127,1.2244897959183674
0.2,30,128,1.2244897959183674
0.2,30,129,1.2244897959183674
0.2,30,130,1.2244897959183674
0.2,30,131,1.2244897959183674
0.2,30,132,1.2244897959183674
0.2,30,133,1.2244897959183674
0.2,30,134,1.2244897959183674
0.2,30,135,1.2244897959183674
0.2,30,136,1.2244897959183674
0.2,30,137,1.2244897959183674
0.2,30,138,1.2244897959183674
0.2,30,139,1.2244897959183674
0.2,30,140,1.2244897959183674
0.2,30,141,1.2244897959183674
0.2,30,142,1.25
0.2,30,143,1.25
0.2,30,144,1.25
0.2,30,145,1.25
0.2,30,146,1.25
0.2,30,147,1.25
0.2,30,148,1.25
0.2,30,149,1.25
0.2,30,150,1.25
0.2,30,151,1.25
0.2,30,152,1.25
0.2,30,153,1.25
0.2,30,154,1.25
0.2,30,155,1.25
0.2,30,156,1.25
0.2,30,157,1.25
0.2,30,158,1.25
0.2,30,159,1.25
0.2,30,160,1.25
0.2,30,161,1.25
0.2,30,162,1.25
0.2,30,163,1.25
0.2,30,164,1.25
0.2,30,165,1.25
0.2,30,166,1.25
0.2,30,167,1.25
0.2,30,168,1.25
0.2,30,169,1.25
0.2,30,170,1.25
0.2,30,171,1.25
0.2,30,172,1.25
0.2,30,173,1.25
0.2,30,174,1.25
0.2,30,175,1.25
0.2,30,176,1.25
0.2,30,177,1.25
0.2,30,178,1.25
0.2,30,179,1.25
0.2,30,180,1.2765957446808511
0.2,30,181,1.2765957446808511
0.2,30,182,1.2765957446808511
0.2,30,183,1.2765957446808511
0.2,30,184,1.2765957446808511
0.2,30,185,1.2765957446808511
0.2,30,186,1.2765957446808511
0.2,30,187,1.2765957446808511
0.2,30,188,1.2765957446808511
0.2,30,189,1.2765957446808511
0.2,30,190,1.2765957446808511
0.2,30,191,1.2765957446808511
0.2,30,192,1.2765957446808511
0.2,30,193,1.2765957446808511
0.2,30,194,1.2765957446808511
0.2,30,195,1.2765957446808511
0.2,30,196,1.3043478260869565
0.2,30,197,1.3043478260869565
0.2,30,198,1.3043478260869565
0.2,30,199,1.3043478260869565
0.2,30,200,1.3043478260869565
0.2,30,201,1.3043478260869565
0.2,30,202,1.3043478260869565
0.2,30,203,1.3043478260869565
0.2,30,204,1.3043478260869565
0.2,30,205,1.3043478260869565
0.2,30,206,1.3043478260869565
0.2,30,207,1.3043478260869565
0.2,30,208,1.3043478260869565
0.2,30,209,1.3043478260869565
0.2,30,210,1.3043478260869565
0.2,30,211,1.3043478260869565
0.2,30,212,1.3043478260869565
0.2,30,213,1.3043478260869565
0.2,30,214,1.3333333333333333
0.2,30,215,1.3333333333333333
0.2,30,216,1.3333333333333333
0.2,30,217,1.3333333333333333
0.2,30,218,1.3333333333333333
0.2,30,219,1.3333333333333333
0.2,30,220,1.3636363636363635
0.2,30,221,1.3636363636363635
0.2,30,222,1.3636363636363635
0.2,30,223,1.3636363636363635
0.2,30,224,1.3636363636363635
0.2,30,225,1.3636363636363635
0.2,30,226,1.3636363636363635
0.2,30,227,1.3636363636363635
0.2,30,228,1.3636363636363635
0.2,30,229,1.3636363636363635
0.2,30,230,1.3636363636363635
0.2,30,231,1.3636363636363635
0.2,30,232,1.3636363636363635
0.2,30,233,1.3636363636363635
0.2,30,234,1.3636363636363635
0.2,30,235,1.3636363636363635
0.2,30,236,1.3636363636363635
0.2,30,237,1.3636363636363635
0.2,30,238,1.3636363636363635
0.2,30,239,1.3636363636363635
0.2,30,240,1.3953488372093024
0.2,30,241,1.3953488372093024
0.2,30,242,1.3953488372093024
0.2,30,243,1.3953488372093024
0.2,30,244,1.4285714285714286
0.2,30,245,1.4285714285714286
0.2,30,246,1.4285714285714286
0.2,30,247,1.4285714285714286
0.2,30,248,1.4285714285714286
0.2,30,249,1.4285714285714286
0.2,30,250,1.4285714285714286
0.2,30,251,1.4285714285714286
0.2,30,252,1.4285714285714286
0.2,30,253,1.4285714285714286
0.2,30,254,1.4634146341463414
0.2,30,255,1.4634146341463414
0.2,30,256,1.4634146341463414
0.2,30,257,1.4634146341463414
0.2,30,258,1.4634146341463414
0.2,30,259,1.4634146341463414
0.2,30,260,1.4634146341463414
0.2,30,261,1.4634146341463414
0.2,30,262,1.4634146341463414
0.2,30,263,1.4634146341463414
0.2,30,264,1.4634146341463414
0.2,30,265,1.4634146341463414
0.2,30,266,1.4634146341463414
0.2,30,267,1.4634146341463414
0.2,30,268,1.4634146341463414
0.2,30,269,1.4634146341463414
0.2,30,270,1.4634146341463414
0.2,30,271,1.4634146341463414
0.2,30,272,1.4634146341463414
0.2,30,273,1.4999999999999998
0.2,30,274,1.4999999999999998
0.2,30,275,1.4999999999999998
0.2,30,276,1.4999999999999998
0.2,30,277,1.4999999999999998
0.2,30,278,1.4999999999999998
0.2,30,279,1.4999999999999998
0.2,30,280,1.4999999999999998
0.2,30,281,1.4999999999999998
0.2,30,282,1.4999999999999998
0.2,30,283,1.4999999999999998
0.2,30,284,1.4999999999999998
0.2,30,285,1.4999999999999998
0.2,30,286,1.4999999999999998
0.2,30,287,1.4999999999999998
0.2,30,288,1.4999999999999998
0.2,30,289,1.4999999999999998
0.2,30,290,1.4999999999999998
0.2,30,291,1.4999999999999998
0.2,30,292,1.4999999999999998
0.2,30,293,1.4999999999999998
0.2,30,294,1.4999999999999998
0.2,30,295,1.4999999999999998
0.2,30,296,1.4999999999999998
0.2,30,297,1.4999999999999998
0.2,30,298,1.4999999999999998
0.2,30,299,1.4999999999999998
0.2,30,300,1.4999999999999998
0.2,30,301,1.4999999999999998
0.2,30,302,1.4999999999999998
0.2,30,303,1.4999999999999998
0.2,30,304,1.4999999999999998
0.2,30,305,1.4999999999999998
0.2,30,306,1.4999999999999998
0.2,30,307,1.4999999999999998
0.2,30,308,1.4999999999999998
0.2,30,309,1.4999999999999998
0.2,30,310,1.4999999999999998
0.2,30,311,1.4999999999999998
0.2,30,312,1.4999999999999998
0.2,30,313,1.4999999999999998
0.2,30,314,1.4999999999999998
0.2,30,315,1.4999999999999998
0.2,30,316,1.4999999999999998
0.2,30,317,1.4999999999999998
0.2,30,318,1.4999999999999998
0.2,30,319,1.4999999999999998
0.2,30,320,1.4999999999999998
0.2,30,321,1.4999999999999998
0.2,30,322,1.4999999999999998
0.2,30,323,1.4999999999999998
0.2,30,324,1.4999999999999998
0.2,30,325,1.4999999999999998
0.2,30,326,1.4999999999999998
0.2,30,327,1.4999999999999998
0.2,30,328,1.4999999999999998
0.2,30,329,1.4999999999999998
0.2,30,330,1.4999999999999998
0.2,30,331,1.4999999999999998
0.2,30,332,1.4999999999999998
0.2,30,333,1.4999999999999998
0.2,30,334,1.4999999999999998
0.2,30,335,1.4999999999999998
0.2,30,336,1.4999999999999998
0.2,30,337,1.4999999999999998
0.2,30,338,1.4999999999999998
0.2,30,339,1.4999999999999998
0.2,30,340,1.4999999999999998
0.2,30,341,1.4999999999999998
0.2,30,342,1.4999999999999998
0.2,30,343,1.4999999999999998
0.2,30,344,1.4999999999999998
0.2,30,345,1.4999999999999998
0.2,30,346,1.4999999999999998
0.2,30,347,1.4999999999999998
0.2,30,348,1.4999999999999998
0.2,30,349,1.5384615384615383
0.2,30,350,1.5384615384615383
0.2,30,351,1.5384615384615383
0.2,30,352,1.5789473684210527
0.2,30,353,1.5789473684210527
0.2,30,354,1.5789473684210527
0.2,30,355,1.5789473684210527
0.2,30,356,1.5789473684210527
0.2,30,357,1.5789473684210527
0.2,30,358,1.5789473684210527
0.2,30,359,1.5789473684210527
0.2,30,360,1.5789473684210527
0.2,30,361,1.5789473684210527
0.2,30,362,1.5789473684210527
0.2,50,1,1.0
0.2,50,2,1.0
0.2,50,3,1.0
0.2,50,4,1.0
0.2,50,5,1.0
0.2,50,6,1.0
0.2,50,7,1.0
0.2,50,8,1.0
0.2,50,9,1.0
0.2,50,10,1.0
0.2,50,11,1.0
0.2,50,12,1.0
0.2,50,13,1.0
0.2,50,14,1.0
0.2,50,15,1.0
0.2,50,16,1.0
0.2,50,17,1.0
0.2,50,18,1.0
0.2,50,19,1.0
0.2,50,20,1.0
0.2,50,21,1.0
0.2,50,22,1.0169491525423728
0.2,50,23,1.0344827586206897
0.2,50,24,1.0344827586206897
0.2,50,25,1.0344827586206897
0.2,50,26,1.0344827586206897
0.2,50,27,1.0344827586206897
0.2,50,28,1.0344827586206897
0.2,50,29,1.0344827586206897
0.2,50,30,1.0344827586206897
0.2,50,31,1.0526315789473684
0.2,50,32,1.0526315789473684
0.2,50,33,1.0526315789473684
0.2,50,34,1.0526315789473684
0.2,50,35,1.0714285714285714
0.2,50,36,1.0714285714285714
0.2,50,37,1.0714285714285714
0.2,50,38,1.0714285714285714
0.2,50,39,1.0714285714285714
0.2,50,40,1.0714285714285714
0.2,50,41,1.0714285714285714
0.2,50,42,1.0714285714285714
0.2,50,43,1.0714285714285714
0.2,50,44,1.1111111111111112
0.2,50,45,1.1111111111111112
0.2,50,46,1.1111111111111112
0.2,50,47,1.1111111111111112
0.2,50,48,1.1111111111111112
0.2,50,49,1.1111111111111112
0.2,50,50,1.1111111111111112
0.2,50,51,1.1111111111111112
0.2,50,52,1.1111111111111112
0.2,50,53,1.1111111111111112
0.2,50,54,1.1111111111111112
0.2,50,55,1.1320754716981132
0.2,50,56,1.1320754716981132
0.2,50,57,1.1320754716981132
0.2,50,58,1.1320754716981132
0.2,50,59,1.1320754716981132
0.2,50,60,1.1320754716981132
0.2,50,61,1.1538461538461537
0.2,50,62,1.1538461538461537
0.2,50,63,1.1538461538461537
0.2,50,64,1.1538461538461537
0.2,50,65,1.1538461538461537
0.2,50,66,1.1538461538461537
0.2,50,67,1.1538461538461537
0.2,50,68,1.1538461538461537
0.2,50,69,1.1538461538461537
0.2,50,70,1.1538461538461537
0.2,50,71,1.1538461538461537
0.2,50,72,1.1538461538461537
0.2,50,73,1.1538461538461537
0.2,50,74,1.1538461538461537
0.2,50,75,1.1538461538461537
0.2,50,76,1.1538461538461537
0.2,50,77,1.1538461538461537
0.2,50,78,1.1538461538461537
0.2,50,79,1.1538461538461537
0.2,50,80,1.1538461538461537
0.2,50,81,1.1538461538461537
0.2,50,82,1.1538461538461537
0.2,50,83,1.1538461538461537
0.2,50,84,1.1538461538461537
0.2,50,85,1.1764705882352942
0.2,50,86,1.1764705882352942
0.2,50,87,1.1764705882352942
0.2,50,88,1.1764705882352942
0.2,50,89,1.1764705882352942
0.2,50,90,1.1764705882352942
0.2,50,91,1.1764705882352942
0.2,50,92,1.1764705882352942
0.2,50,93,1.1764705882352942
0.2,50,94,1.1764705882352942
0.2,50,95,1.1764705882352942
0.2,50,96,1.1764705882352942
0.2,50,97,1.1764705882352942
0.2,50,98,1.1764705882352942
0.2,50,99,1.2
0.2,50,100,1.2
0.2,50,101,1.2
0.2,50,102,1.2
0.2,50,103,1.2
0.2,50,104,1.2
0.2,50,105,1.2244897959183674
0.2,50,106,1.2244897959183674
0.2,50,107,1.2244897959183674
0.2,50,108,1.2244897959183674
0.2,50,109,1.2244897959183674
0.2,50,110,1.2244897959183674
0.2,50,111,1.2244897959183674
0.2,50,112,1.2244897959183674
0.2,50,113,1.2244897959183674
0.2,50,114,1.2244897959183674
0.2,50,115,1.2244897959183674
0.2,50,116,1.2244897959183674
0.2,50,117,1.2244897959183674
0.2,50,118,1.2244897959183674
0.2,50,119,1.2244897959183674
0.2,50,120,1.2244897959183674
0.2,50,121,1.2244897959183674
0.2,50,122,1.25
0.2,50,123,1.25
0.2,50,124,1.25
0.2,50,125,1.25
0.2,50,126,1.25
0.2,50,127,1.25
0.2,50,128,1.25
0.2,50,129,1.25
0.2,50,130,1.25
0.2,50,131,1.25
0.2,50,132,1.25
0.2,50,133,1.25
0.2,50,134,1.25
0.2,50,135,1.25
0.2,50,136,1.25
0.2,50,137,1.25
0.2,50,138,1.25
0.2,50,139,1.25
0.2,50,140,1.25
0.2,50,141,1.25
0.2,50,142,1.25
0.2,50,143,1.25
0.2,50,144,1.25
0.2,50,145,1.25
0.2,50,146,1.25
0.2,50,147,1.25
0.2,50,148,1.25
0.2,50,149,1.25
0.2,50,150,1.25
0.2,50,151,1.25
0.2,50,152,1.25
0.2,50,153,1.25
0.2,50,154,1.25
0.2,50,155,1.25
0.2,50,156,1.25
0.2,50,157,1.25
0.2,50,158,1.25
0.2,50,159,1.25
0.2,50,160,1.2765957446808511
0.2,50,161,1.2765957446808511
0.2,50,162,1.2765957446808511
0.2,50,163,1.2765957446808511
0.2,50,164,1.2765957446808511
0.2,50,165,1.2765957446808511
0.2,50,166,1.2765957446808511
0.2,50,167,1.2765957446808511
0.2,50,168,1.2765957446808511
0.2,50,169,1.2765957446808511
0.2,50,170,1.2765957446808511
0.2,50,171,1.2765957446808511
0.2,50,172,1.2765957446808511
0.2,50,173,1.2765957446808511
0.2,50,174,1.2765957446808511
0.2,50,175,1.2765957446808511
0.2,50,176,1.3043478260869565
0.2,50,177,1.3043478260869565
0.2,50,178,1.3043478260869565
0.2,50,179,1.3043478260869565
0.2,50,180,1.3043478260869565
0.2,50,181,1.3043478260869565
0.2,50,182,1.3043478260869565
0.2,50,183,1.3043478260869565
0.2,50,184,1.3043478260869565
0.2,50,185,1.3043478260869565
0.2,50,186,1.3043478260869565
0.2,50,187,1.3043478260869565
0.2,50,188,1.3043478260869565
0.2,50,189,1.3043478260869565
0.2,50,190,1.3043478260869565
0.2,50,191,1.3043478260869565
0.2,50,192,1.3043478260869565
0.2,50,193,1.3043478260869565
0.2,50,194,1.3333333333333333
0.2,50,195,1.3333333333333333
0.2,50,196,1.3333333333333333
0.2,50,197,1.3333333333333333
0.2,50,198,1.3333333333333333
0.2,50,199,1.3333333333333333
0.2,50,200,1.3636363636363635
0.2,50,201,1.3636363636363635
0.2,50,202,1.3636363636363635
0.2,50,203,1.3636363636363635
0.2,50,204,1.3636363636363635
0.2,50,205,1.3636363636363635
0.2,50,206,1.3636363636363635
0.2,50,207,1.3636363636363635
0.2,50,208,1.3636363636363635
0.2,50,209,1.3636363636363635
0.2,50,210,1.3636363636363635
0.2,50,211,1.3636363636363635
0.2,50,212,1.3636363636363635
0.2,50,213,1.3636363636363635
0.2,50,214,1.3636363636363635
0.2,50,215,1.3636363636363635
0.2,50,216,1.3636363636363635
0.2,50,217,1.3636363636363635
0.2,50,218,1.3636363636363635
0.2,50,219,1.3636363636363635
0.2,50,220,1.3953488372093024
0.2,50,221,1.3953488372093024
0.2,50,222,1.3953488372093024
0.2,50,223,1.3953488372093024
0.2,50,224,1.4285714285714286
0.2,50,225,1.4285714285714286
0.2,50,226,1.4285714285714286
0.2,50,227,1.4285714285714286
0.2,50,228,1.4285714285714286
0.2,50,229,1.4285714285714286
0.2,50,230,1.4285714285714286
0.2,50,231,1.4285714285714286
0.2,50,232,1.4285714285714286
0.2,50,233,1.4285714285714286
0.2,50,234,1.4634146341463414
0.2,50,235,1.4634146341463414
0.2,50,236,1.4634146341463414
0.2,50,237,1.4634146341463414
0.2,50,238,1.4634146341463414
0.2,50,239,1.4634146341463414
0.2,50,240,1.4634146341463414
0.2,50,241,1.4634146341463414
0.2,50,242,1.4634146341463414
0.2,50,243,1.4634146341463414
0.2,50,244,1.4634146341463414
0.2,50,245,1.4634146341463414
0.2,50,246,1.4634146341463414
0.2,50,247,1.4634146341463414
0.2,50,248,1.4634146341463414
0.2,50,249,1.4634146341463414
0.2,50,250,1.4634146341463414
0.2,50,251,1.4634146341463414
0.2,50,252,1.4634146341463414
0.2,50,253,1.4999999999999998
0.2,50,254,1.4999999999999998
0.2,50,255,1.4999999999999998
0.2,50,256,1.4999999999999998
0.2,50,257,1.4999999999999998
0.2,50,258,1.4999999999999998
0.2,50,259,1.4999999999999998
0.2,50,260,1.4999999999999998
0.2,50,261,1.4999999999999998
0.2,50,262,1.4999999999999998
0.2,50,263,1.4999999999999998
0.2,50,264,1.4999999999999998
0.2,50,265,1.4999999999999998
0.2,50,266,1.4999999999999998
0.2,50,267,1.4999999999999998
0.2,50,268,1.4999999999999998
0.2,50,269,1.4999999999999998
0.2,50,270,1.4999999999999998
0.2,50,271,1.4999999999999998
0.2,50,272,1.4999999999999998
0.2,50,273,1.4999999999999998
0.2,50,274,1.4999999999999998
0.2,50,275,1.4999999999999998
0.2,50,276,1.4999999999999998
0.2,50,277,1.4999999999999998
0.2,50,278,1.4999999999999998
0.2,50,279,1.4999999999999998
0.2,50,280,1.4999999999999998
0.2,50,281,1.4999999999999998
0.2,50,282,1.4999999999999998
0.2,50,283,1.4999999999999998
0.2,50,284,1.4999999999999998
0.2,50,285,1.4999999999999998
0.2,50,286,1.4999999999999998
0.2,50,287,1.4999999999999998
0.2,50,288,1.4999999999999998
0.2,50,289,1.4999999999999998
0.2,50,290,1.4999999999999998
0.2,50,291,1.4999999999999998
0.2,50,292,1.4999999999999998
0.2,50,293,1.4999999999999998
0.2,50,294,1.4999999999999998
0.2,50,295,1.4999999999999998
0.2,50,296,1.4999999999999998
0.2,50,297,1.4999999999999998
0.2,50,298,1.4999999999999998
0.2,50,299,1.4999999999999998
0.2,50,300,1.4999999999999998
0.2,50,301,1.4999999999999998
0.2,50,302,1.4999999999999998
0.2,50,303,1.4999999999999998
0.2,50,304,1.4999999999999998
0.2,50,305,1.4999999999999998
0.2,50,306,1.4999999999999998
0.2,50,307,1.4999999999999998
0.2,50,308,1.4999999999999998
0.2,50,309,1.4999999999999998
0.2,50,310,1.4999999999999998
0.2,50,311,1.4999999999999998
0.2,50,312,1.4999999999999998
0.2,50,313,1.4999999999999998
0.2,50,314,1.4999999999999998
0.2,50,315,1.4999999999999998
0.2,50,316,1.4999999999999998
0.2,50,317,1.4999999999999998
0.2,50,318,1.4999999999999998
0.2,50,319,1.4999999999999998
0.2,50,320,1.4999999999999998
0.2,50,321,1.4999999999999998
0.2,50,322,1.4999999999999998
0.2,50,323,1.4999999999999998
0.2,50,324,1.4999999999999998
0.2,50,325,1.4999999999999998
0.2,50,326,1.4999999999999998
0.2,50,327,1.4999999999999998
0.2,50,328,1.4999999999999998
0.2,50,329,1.5384615384615383
0.2,50,330,1.5384615384615383
0.2,50,331,1.5384615384615383
0.2,50,332,1.5789473684210527
0.2,50,333,1.5789473684210527
0.2,50,334,1.5789473684210527
0.2,50,335,1.5789473684210527
0.2,50,336,1.5789473684210527
0.2,50,337,1.5789473684210527
0.2,50,338,1.5789473684210527
0.2,50,339,1.5789473684210527
0.2,50,340,1.5789473684210527
0.2,50,341,1.5789473684210527
0.2,50,342,1.5789473684210527
0.2,50,343,1.5789473684210527
0.2,50,344,1.5789473684210527
0.2,50,345,1.5789473684210527
0.2,50,346,1.6216216216216215
0.2,50,347,1.6216216216216215
0.2,50,348,1.6216216216216215
0.2,50,349,1.6216216216216215
0.2,50,350,1.6216216216216215
0.2,50,351,1.6216216216216215
0.2,50,352,1.6216216216216215
0.2,50,353,1.6216216216216215
0.2,50,354,1.6216216216216215
0.2,50,355,1.6216216216216215
0.2,50,356,1.6216216216216215
0.2,50,357,1.6216216216216215
0.2,50,358,1.6216216216216215
0.2,50,359,1.6216216216216215
0.2,50,360,1.6216216216216215
0.2,50,361,1.6216216216216215
0.2,50,362,1.6216216216216215
0.4,20,1,1.0
0.4,20,2,1.0
0.4,20,3,1.0
0.4,20,4,1.0
0.4,20,5,1.0
0.4,20,6,1.0
0.4,20,7,1.0
0.4,20,8,1.0
0.4,20,9,1.0
0.4,20,10,1.0
0.4,20,11,1.0
0.4,20,12,1.0
0.4,20,13,1.0
0.4,20,14,1.0
0.4,20,15,1.0
0.4,20,16,1.0
0.4,20,17,1.0
0.4,20,18,1.0
0.4,20,19,1.0
0.4,20,20,1.0
0.4,20,21,1.0
0.4,20,22,1.0
0.4,20,23,1.0
0.4,20,24,1.0
0.4,20,25,1.0
0.4,20,26,1.0
0.4,20,27,1.0
0.4,20,28,1.0
0.4,20,29,1.0
0.4,20,30,1.0
0.4,20,31,1.0
0.4,20,32,1.0
0.4,20,33,1.0
0.4,20,34,1.0
0.4,20,35,1.0
0.4,20,36,1.0
0.4,20,37,1.0
0.4,20,38,1.0
0.4,20,39,1.0
0.4,20,40,1.0
0.4,20,41,1.0
0.4,20,42,1.0
0.4,20,43,1.0
0.4,20,44,1.0169491525423728
0.4,20,45,1.0169491525423728
0.4,20,46,1.0169491525423728
0.4,20,47,1.0169491525423728
0.4,20,48,1.0169491525423728
0.4,20,49,1.0169491525423728
0.4,20,50,1.0344827586206897
0.4,20,51,1.0344827586206897
0.4,20,52,1.0344827586206897
0.4,20,53,1.0344827586206897
0.4,20,54,1.0344827586206897
0.4,20,55,1.0344827586206897
0.4,20,56,1.0344827586206897
0.4,20,57,1.0344827586206897
0.4,20,58,1.0344827586206897
0.4,20,59,1.0344827586206897
0.4,20,60,1.0344827586206897
0.4,20,61,1.0344827586206897
0.4,20,62,1.0344827586206897
0.4,20,63,1.0344827586206897
0.4,20,64,1.0344827586206897
0.4,20,65,1.0344827586206897
0.4,20,66,1.0526315789473684
0.4,20,67,1.0526315789473684
0.4,20,68,1.0526315789473684
0.4,20,69,1.0526315789473684
0.4,20,70,1.0714285714285714
0.4,20,71,1.0714285714285714
0.4,20,72,1.090909090909091
0.4,20,73,1.090909090909091
0.4,20,74,1.090909090909091
0.4,20,75,1.090909090909091
0.4,20,76,1.1111111111111112
0.4,20,77,1.1111111111111112
0.4,20,78,1.1111111111111112
0.4,20,79,1.1320754716981132
0.4,20,80,1.1320754716981132
0.4,20,81,1.1320754716981132
0.4,20,82,1.1538461538461537
0.4,20,83,1.1538461538461537
0.4,20,84,1.1538461538461537
0.4,20,85,1.1764705882352942
0.4,20,86,1.1764705882352942
0.4,20,87,1.1764705882352942
0.4,20,88,1.1764705882352942
0.4,20,89,1.1764705882352942
0.4,20,90,1.2
0.4,20,91,1.2
0.4,20,92,1.2
0.4,20,93,1.2
0.4,20,94,1.2244897959183674
0.4,20,95,1.2244897959183674
0.4,20,96,1.2244897959183674
0.4,20,97,1.25
0.4,20,98,1.2765957446808511
0.4,20,99,1.2765957446808511
0.4,20,100,1.2765957446808511
0.4,20,101,1.2765957446808511
0.4,20,102,1.2765957446808511
0.4,20,103,1.2765957446808511
0.4,20,104,1.2765957446808511
0.4,20,105,1.2765957446808511
0.4,20,106,1.2765957446808511
0.4,20,107,1.2765957446808511
0.4,20,108,1.3043478260869565
0.4,20,109,1.3043478260869565
0.4,20,110,1.3043478260869565
0.4,20,111,1.3043478260869565
0.4,20,112,1.3043478260869565
0.4,20,113,1.3043478260869565
0.4,20,114,1.3333333333333333
0.4,20,115,1.3333333333333333
0.4,20,116,1.3333333333333333
0.4,20,117,1.3333333333333333
0.4,20,118,1.3333333333333333
0.4,20,119,1.3333333333333333
0.4,20,120,1.3333333333333333
0.4,20,121,1.3333333333333333
0.4,20,122,1.3636363636363635
0.4,20,123,1.3636363636363635
0.4,20,124,1.3636363636363635
0.4,20,125,1.3636363636363635
0.4,20,126,1.3636363636363635
0.4,20,127,1.3953488372093024
0.4,20,128,1.3953488372093024
0.4,20,129,1.3953488372093024
0.4,20,130,1.3953488372093024
0.4,20,131,1.3953488372093024
0.4,20,132,1.4285714285714286
0.4,20,133,1.4285714285714286
0.4,20,134,1.4285714285714286
0.4,20,135,1.4634146341463414
0.4,20,136,1.4634146341463414
0.4,20,137,1.4634146341463414
0.4,20,138,1.4634146341463414
0.4,20,139,1.4999999999999998
0.4,20,140,1.5384615384615383
0.4,20,141,1.5384615384615383
0.4,20,142,1.5384615384615383
0.4,20,143,1.5384615384615383
0.4,20,144,1.5384615384615383
0.4,20,145,1.5789473684210527
0.4,20,146,1.5789473684210527
0.4,20,147,1.6216216216216215
0.4,20,148,1.6666666666666667
0.4,20,149,1.6666666666666667
0.4,20,150,1.6666666666666667
0.4,20,151,1.6666666666666667
0.4,20,152,1.6666666666666667
0.4,20,153,1.6666666666666667
0.4,20,154,1.6666666666666667
0.4,20,155,1.6666666666666667
0.4,20,156,1.7142857142857144
0.4,20,157,1.7142857142857144
0.4,20,158,1.7142857142857144
0.4,20,159,1.7142857142857144
0.4,20,160,1.7142857142857144
0.4,20,161,1.7142857142857144
0.4,20,162,1.7647058823529411
0.4,20,163,1.7647058823529411
0.4,20,164,1.7647058823529411
0.4,20,165,1.7647058823529411
0.4,20,166,1.7647058823529411
0.4,20,167,1.8181818181818181
0.4,20,168,1.8181818181818181
0.4,20,169,1.8181818181818181
0.4,20,170,1.8181818181818181
0.4,20,171,1.875
0.4,20,172,1.875
0.4,20,173,1.875
0.4,20,174,1.875
0.4,20,175,1.875
0.4,20,176,1.875
0.4,20,177,1.875
0.4,20,178,1.875
0.4,20,179,1.875
0.4,20,180,1.9354838709677422
0.4,20,181,1.9354838709677422
0.4,20,182,1.9354838709677422
0.4,20,183,1.9354838709677422
0.4,20,184,1.9354838709677422
0.4,20,185,1.9354838709677422
0.4,20,186,1.9354838709677422
0.4,20,187,2.0
0.4,20,188,2.0689655172413794
0.4,20,189,2.142857142857143
0.4,20,190,2.142857142857143
0.4,20,191,2.142857142857143
0.4,20,192,2.142857142857143
0.4,20,193,2.142857142857143
0.4,20,194,2.142857142857143
0.4,20,195,2.142857142857143
0.4,20,196,2.142857142857143
0.4,20,197,2.142857142857143
0.4,20,198,2.142857142857143
0.4,20,199,2.142857142857143
0.4,20,200,2.142857142857143
0.4,20,201,2.142857142857143
0.4,20,202,2.142857142857143
0.4,20,203,2.142857142857143
0.4,20,204,2.142857142857143
0.4,20,205,2.142857142857143
0.4,20,206,2.142857142857143
0.4,20,207,2.2222222222222223
0.4,20,208,2.2222222222222223
0.4,20,209,2.2222222222222223
0.4,20,210,2.2222222222222223
0.4,20,211,2.2222222222222223
0.4,20,212,2.2222222222222223
0.4,20,213,2.2222222222222223
0.4,20,214,2.2222222222222223
0.4,20,215,2.2222222222222223
0.4,20,216,2.2222222222222223
0.4,20,217,2.2222222222222223
0.4,20,218,2.2222222222222223
0.4,20,219,2.2222222222222223
0.4,20,220,2.3076923076923075
0.4,20,221,2.3076923076923075
0.4,20,222,2.4000000000000004
0.4,20,223,2.4000000000000004
0.4,20,224,2.4000000000000004
0.4,20,225,2.4000000000000004
0.4,20,226,2.4000000000000004
0.4,20,227,2.5
0.4,20,228,2.5
0.4,20,229,2.727272727272727
0.4,20,230,2.857142857142857
0.4,20,231,2.857142857142857
0.4,20,232,2.857142857142857
0.4,20,233,2.9999999999999996
0.4,20,234,2.9999999999999996
0.4,20,235,2.9999999999999996
0.4,20,236,3.333333333333333
0.4,20,237,3.333333333333333
0.4,20,238,3.333333333333333
0.4,20,239,3.333333333333333
0.4,20,240,3.333333333333333
0.4,20,241,3.333333333333333
0.4,20,242,3.333333333333333
0.4,20,243,3.333333333333333
0.4,20,244,3.333333333333333
0.4,20,245,3.333333333333333
0.4,20,246,3.5294117647058822
0.4,20,247,3.5294117647058822
0.4,20,248,3.5294117647058822
0.4,20,249,3.5294117647058822
0.4,20,250,3.749999999999999
0.4,20,251,3.749999999999999
0.4,20,252,3.749999999999999
0.4,20,253,3.749999999999999
0.4,20,254,3.749999999999999
0.4,20,255,3.749999999999999
0.4,20,256,4.0
0.4,20,257,4.0
0.4,20,258,4.0
0.4,20,259,4.0
0.4,20,260,4.0
0.4,20,261,4.0
0.4,20,262,4.0
0.4,20,263,4.2857142857142865
0.4,20,264,4.2857142857142865
0.4,20,265,4.615384615384615
0.4,20,266,4.615384615384615
0.4,20,267,4.615384615384615
0.4,20,268,4.615384615384615
0.4,20,269,4.615384615384615
0.4,20,270,4.615384615384615
0.4,20,271,4.615384615384615
0.4,20,272,4.615384615384615
0.4,20,273,4.615384615384615
0.4,20,274,4.615384615384615
0.4,20,275,4.615384615384615
0.4,20,276,5.000000000000001
0.4,20,277,5.000000000000001
0.4,20,278,5.000000000000001
0.4,20,279,5.000000000000001
0.4,20,280,5.000000000000001
0.4,20,281,5.000000000000001
0.4,20,282,5.000000000000001
0.4,20,283,5.000000000000001
0.4,20,284,5.000000000000001
0.4,20,285,5.000000000000001
0.4,20,286,5.000000000000001
0.4,20,287,5.000000000000001
0.4,20,288,5.000000000000001
0.4,20,289,5.000000000000001
0.4,20,290,5.000000000000001
0.4,20,291,5.000000000000001
0.4,20,292,5.000000000000001
0.4,20,293,5.000000000000001
0.4,20,294,5.000000000000001
0.4,20,295,5.000000000000001
0.4,20,296,5.000000000000001
0.4,20,297,5.000000000000001
0.4,20,298,5.000000000000001
0.4,20,299,5.454545454545454
0.4,20,300,5.454545454545454
0.4,20,301,5.454545454545454
0.4,20,302,5.454545454545454
0.4,20,303,5.454545454545454
0.4,20,304,5.454545454545454
0.4,20,305,5.454545454545454
0.4,20,306,5.454545454545454
0.4,20,307,5.454545454545454
0.4,20,308,5.454545454545454
0.4,20,309,5.454545454545454
0.4,20,310,5.454545454545454
0.4,20,311,5.454545454545454
0.4,20,312,5.454545454545454
0.4,20,313,5.454545454545454
0.4,20,314,5.454545454545454
0.4,20,315,5.454545454545454
0.4,20,316,5.454545454545454
0.4,20,317,6.000000000000002
0.4,20,318,6.000000000000002
0.4,20,319,6.000000000000002
0.4,20,320,6.000000000000002
0.4,20,321,6.000000000000002
0.4,20,322,6.666666666666666
0.4,20,323,7.500000000000002
0.4,20,324,7.500000000000002
0.4,20,325,8.57142857142857
0.4,20,326,8.57142857142857
0.4,20,327,8.57142857142857
0.4,20,328,8.57142857142857
0.4,20,329,8.57142857142857
0.4,20,330,8.57142857142857
0.4,20,331,8.57142857142857
0.4,20,332,8.57142857142857
0.4,20,333,8.57142857142857
0.4,20,334,8.57142857142857
0.4,20,335,8.57142857142857
0.4,20,336,8.57142857142857
0.4,20,337,8.57142857142857
0.4,20,338,8.57142857142857
0.4,20,339,8.57142857142857
0.4,20,340,8.57142857142857
0.4,20,341,10.000000000000002
0.4,20,342,10.000000000000002
0.4,20,343,10.000000000000002
0.4,20,344,10.000000000000002
0.4,20,345,10.000000000000002
0.4,20,346,10.000000000000002
0.4,20,347,10.000000000000002
0.4,20,348,10.000000000000002
0.4,20,349,10.000000000000002
0.4,20,350,10.000000000000002
0.4,20,351,10.000000000000002
0.4,20,352,10.000000000000002
0.4,20,353,11.999999999999995
0.4,20,354,11.999999999999995
0.4,20,355,11.999999999999995
0.4,20,356,15.000000000000004
0.4,20,357,15.000000000000004
0.4,20,358,15.000000000000004
0.4,20,359,15.000000000000004
0.4,20,360,15.000000000000004
0.4,20,361,19.999999999999982
0.4,20,362,30.000000000000007
0.4,30,1,1.0
0.4,30,2,1.0
0.4,30,3,1.0
0.4,30,4,1.0
0.4,30,5,1.0
0.4,30,6,1.0
0.4,30,7,1.0
0.4,30,8,1.0
0.4,30,9,1.0
0.4,30,10,1.0
0.4,30,11,1.0
0.4,30,12,1.0
0.4,30,13,1.0
0.4,30,14,1.0
0.4,30,15,1.0
0.4,30,16,1.0
0.4,30,17,1.0
0.4,30,18,1.0
0.4,30,19,1.0
0.4,30,20,1.0
0.4,30,21,1.0
0.4,30,22,1.0
0.4,30,23,1.0
0.4,30,24,1.0
0.4,30,25,1.0
0.4,30,26,1.0
0.4,30,27,1.0
0.4,30,28,1.0
0.4,30,29,1.0
0.4,30,30,1.0
0.4,30,31,1.0
0.4,30,32,1.0
0.4,30,33,1.0
0.4,30,34,1.0169491525423728
0.4,30,35,1.0169491525423728
0.4,30,36,1.0169491525423728
0.4,30,37,1.0169491525423728
0.4,30,38,1.0169491525423728
0.4,30,39,1.0169491525423728
0.4,30,40,1.0344827586206897
0.4,30,41,1.0344827586206897
0.4,30,42,1.0344827586206897
0.4,30,43,1.0344827586206897
0.4,30,44,1.0344827586206897
0.4,30,45,1.0344827586206897
0.4,30,46,1.0344827586206897
0.4,30,47,1.0344827586206897
0.4,30,48,1.0344827586206897
0.4,30,49,1.0344827586206897
0.4,30,50,1.0344827586206897
0.4,30,51,1.0344827586206897
0.4,30,52,1.0344827586206897
0.4,30,53,1.0344827586206897
0.4,30,54,1.0344827586206897
0.4,30,55,1.0344827586206897
0.4,30,56,1.0526315789473684
0.4,30,57,1.0526315789473684
0.4,30,58,1.0526315789473684
0.4,30,59,1.0526315789473684
0.4,30,60,1.0714285714285714
0.4,30,61,1.0714285714285714
0.4,30,62,1.090909090909091
0.4,30,63,1.090909090909091
0.4,30,64,1.090909090909091
0.4,30,65,1.090909090909091
0.4,30,66,1.1111111111111112
0.4,30,67,1.1111111111111112
0.4,30,68,1.1111111111111112
0.4,30,69,1.1320754716981132
0.4,30,70,1.1320754716981132
0.4,30,71,1.1320754716981132
0.4,30,72,1.1538461538461537
0.4,30,73,1.1538461538461537
0.4,30,74,1.1538461538461537
0.4,30,75,1.1764705882352942
0.4,30,76,1.1764705882352942
0.4,30,77,1.1764705882352942
0.4,30,78,1.1764705882352942
0.4,30,79,1.1764705882352942
0.4,30,80,1.2
0.4,30,81,1.2
0.4,30,82,1.2
0.4,30,83,1.2
0.4,30,84,1.2244897959183674
0.4,30,85,1.2244897959183674
0.4,30,86,1.2244897959183674
0.4,30,87,1.25
0.4,30,88,1.2765957446808511
0.4,30,89,1.2765957446808511
0.4,30,90,1.2765957446808511
0.4,30,91,1.2765957446808511
0.4,30,92,1.2765957446808511
0.4,30,93,1.2765957446808511
0.4,30,94,1.2765957446808511
0.4,30,95,1.2765957446808511
0.4,30,96,1.2765957446808511
0.4,30,97,1.2765957446808511
0.4,30,98,1.3043478260869565
0.4,30,99,1.3043478260869565
0.4,30,100,1.3043478260869565
0.4,30,101,1.3043478260869565
0.4,30,102,1.3043478260869565
0.4,30,103,1.3043478260869565
0.4,30,104,1.3333333333333333
0.4,30,105,1.3333333333333333
0.4,30,106,1.3333333333333333
0.4,30,107,1.3333333333333333
0.4,30,108,1.3333333333333333
0.4,30,109,1.3333333333333333
0.4,30,110,1.3333333333333333
0.4,30,111,1.3333333333333333
0.4,30,112,1.3636363636363635
0.4,30,113,1.3636363636363635
0.4,30,114,1.3636363636363635
0.4,30,115,1.3636363636363635
0.4,30,116,1.3636363636363635
0.4,30,117,1.3953488372093024
0.4,30,118,1.3953488372093024
0.4,30,119,1.3953488372093024
0.4,30,120,1.3953488372093024
0.4,30,121,1.3953488372093024
0.4,30,122,1.4285714285714286
0.4,30,123,1.4285714285714286
0.4,30,124,1.4285714285714286
0.4,30,125,1.4634146341463414
0.4,30,126,1.4634146341463414
0.4,30,127,1.4634146341463414
0.4,30,128,1.4634146341463414
0.4,30,129,1.4999999999999998
0.4,30,130,1.5384615384615383
0.4,30,131,1.5384615384615383
0.4,30,132,1.5384615384615383
0.4,30,133,1.5384615384615383
0.4,30,134,1.5384615384615383
0.4,30,135,1.5789473684210527
0.4,30,136,1.5789473684210527
0.4,30,137,1.6216216216216215
0.4,30,138,1.6666666666666667
0.4,30,139,1.6666666666666667
0.4,30,140,1.6666666666666667
0.4,30,141,1.6666666666666667
0.4,30,142,1.6666666666666667
0.4,30,143,1.6666666666666667
0.4,30,144,1.6666666666666667
0.4,30,145,1.6666666666666667
0.4,30,146,1.7142857142857144
0.4,30,147,1.7142857142857144
0.4,30,148,1.7142857142857144
0.4,30,149,1.7142857142857144
0.4,30,150,1.7142857142857144
0.4,30,151,1.7142857142857144
0.4,30,152,1.7647058823529411
0.4,30,153,1.7647058823529411
0.4,30,154,1.7647058823529411
0.4,30,155,1.7647058823529411
0.4,30,156,1.7647058823529411
0.4,30,157,1.8181818181818181
0.4,30,158,1.8181818181818181
0.4,30,159,1.8181818181818181
0.4,30,160,1.8181818181818181
0.4,30,161,1.875
0.4,30,162,1.875
0.4,30,163,1.875
0.4,30,164,1.875
0.4,30,165,1.875
0.4,30,166,1.875
0.4,30,167,1.875
0.4,30,168,1.875
0.4,30,169,1.875
0.4,30,170,1.9354838709677422
0.4,30,171,1.9354838709677422
0.4,30,172,1.9354838709677422
0.4,30,173,1.9354838709677422
0.4,30,174,1.9354838709677422
0.4,30,175,1.9354838709677422
0.4,30,176,1.9354838709677422
0.4,30,177,2.0
0.4,30,178,2.0689655172413794
0.4,30,179,2.142857142857143
0.4,30,180,2.142857142857143
0.4,30,181,2.142857142857143
0.4,30,182,2.142857142857143
0.4,30,183,2.142857142857143
0.4,30,184,2.142857142857143
0.4,30,185,2.142857142857143
0.4,30,186,2.142857142857143
0.4,30,187,2.142857142857143
0.4,30,188,2.142857142857143
0.4,30,189,2.142857142857143
0.4,30,190,2.142857142857143
0.4,30,191,2.142857142857143
0.4,30,192,2.142857142857143
0.4,30,193,2.142857142857143
0.4,30,194,2.142857142857143
0.4,30,195,2.142857142857143
0.4,30,196,2.142857142857143
0.4,30,197,2.2222222222222223
0.4,30,198,2.2222222222222223
0.4,30,199,2.2222222222222223
0.4,30,200,2.2222222222222223
0.4,30,201,2.2222222222222223
0.4,30,202,2.2222222222222223
0.4,30,203,2.2222222222222223
0.4,30,204,2.2222222222222223
0.4,30,205,2.2222222222222223
0.4,30,206,2.2222222222222223
0.4,30,207,2.2222222222222223
0.4,30,208,2.2222222222222223
0.4,30,209,2.2222222222222223
0.4,30,210,2.3076923076923075
0.4,30,211,2.3076923076923075
0.4,30,212,2.4000000000000004
0.4,30,213,2.4000000000000004
0.4,30,214,2.4000000000000004
0.4,30,215,2.4000000000000004
0.4,30,216,2.4000000000000004
0.4,30,217,2.5
0.4,30,218,2.5
0.4,30,219,2.727272727272727
0.4,30,220,2.857142857142857
0.4,30,221,2.857142857142857
0.4,30,222,2.857142857142857
0.4,30,223,2.9999999999999996
0.4,30,224,2.9999999999999996
0.4,30,225,2.9999999999999996
0.4,30,226,3.333333333333333
0.4,30,227,3.333333333333333
0.4,30,228,3.333333333333333
0.4,30,229,3.333333333333333
0.4,30,230,3.333333333333333
0.4,30,231,3.333333333333333
0.4,30,232,3.333333333333333
0.4,30,233,3.333333333333333
0.4,30,234,3.333333333333333
0.4,30,235,3.333333333333333
0.4,30,236,3.5294117647058822
0.4,30,237,3.5294117647058822
0.4,30,238,3.5294117647058822
0.4,30,239,3.5294117647058822
0.4,30,240,3.749999999999999
0.4,30,241,3.749999999999999
0.4,30,242,3.749999999999999
0.4,30,243,3.749999999999999
0.4,30,244,3.749999999999999
0.4,30,245,3.749999999999999
0.4,30,246,4.0
0.4,30,247,4.0
0.4,30,248,4.0
0.4,30,249,4.0
0.4,30,250,4.0
0.4,30,251,4.0
0.4,30,252,4.0
0.4,30,253,4.2857142857142865
0.4,30,254,4.2857142857142865
0.4,30,255,4.615384615384615
0.4,30,256,4.615384615384615
0.4,30,257,4.615384615384615
0.4,30,258,4.615384615384615
0.4,30,259,4.615384615384615
0.4,30,260,4.615384615384615
0.4,30,261,4.615384615384615
0.4,30,262,4.615384615384615
0.4,30,263,4.615384615384615
0.4,30,264,4.615384615384615
0.4,30,265,4.615384615384615
0.4,30,266,5.000000000000001
0.4,30,267,5.000000000000001
0.4,30,268,5.000000000000001
0.4,30,269,5.000000000000001
0.4,30,270,5.000000000000001
0.4,30,271,5.000000000000001
0.4,30,272,5.000000000000001
0.4,30,273,5.000000000000001
0.4,30,274,5.000000000000001
0.4,30,275,5.000000000000001
0.4,30,276,5.000000000000001
0.4,30,277,5.000000000000001
0.4,30,278,5.000000000000001
0.4,30,279,5.000000000000001
0.4,30,280,5.000000000000001
0.4,30,281,5.000000000000001
0.4,30,282,5.000000000000001
0.4,30,283,5.000000000000001
0.4,30,284,5.000000000000001
0.4,30,285,5.000000000000001
0.4,30,286,5.000000000000001
0.4,30,287,5.000000000000001
0.4,30,288,5.000000000000001
0.4,30,289,5.454545454545454
0.4,30,290,5.454545454545454
0.4,30,291,5.454545454545454
0.4,30,292,5.454545454545454
0.4,30,293,5.454545454545454
0.4,30,294,5.454545454545454
0.4,30,295,5.454545454545454
0.4,30,296,5.454545454545454
0.4,30,297,5.454545454545454
0.4,30,298,5.454545454545454
0.4,30,299,5.454545454545454
0.4,30,300,5.454545454545454
0.4,30,301,5.454545454545454
0.4,30,302,5.454545454545454
0.4,30,303,5.454545454545454
0.4,30,304,5.454545454545454
0.4,30,305,5.454545454545454
0.4,30,306,5.454545454545454
0.4,30,307,6.000000000000002
0.4,30,308,6.000000000000002
0.4,30,309,6.000000000000002
0.4,30,310,6.000000000000002
0.4,30,311,6.000000000000002
0.4,30,312,6.666666666666666
0.4,30,313,7.500000000000002
0.4,30,314,7.500000000000002
0.4,30,315,8.57142857142857
0.4,30,316,8.57142857142857
0.4,30,317,8.57142857142857
0.4,30,318,8.57142857142857
0.4,30,319,8.57142857142857
0.4,30,320,8.57142857142857
0.4,30,321,8.57142857142857
0.4,30,322,8.57142857142857
0.4,30,323,8.57142857142857
0.4,30,324,8.57142857142857
0.4,30,325,8.57142857142857
0.4,30,326,8.57142857142857
0.4,30,327,8.57142857142857
0.4,30,328,8.57142857142857
0.4,30,329,8.57142857142857
0.4,30,330,8.57142857142857
0.4,30,331,10.000000000000002
0.4,30,332,10.000000000000002
0.4,30,333,10.000000000000002
0.4,30,334,10.000000000000002
0.4,30,335,10.000000000000002
0.4,30,336,10.000000000000002
0.4,30,337,10.000000000000002
0.4,30,338,10.000000000000002
0.4,30,339,10.000000000000002
0.4,30,340,10.000000000000002
0.4,30,341,10.000000000000002
0.4,30,342,10.000000000000002
0.4,30,343,11.999999999999995
0.4,30,344,11.999999999999995
0.4,30,345,11.999999999999995
0.4,30,346,15.000000000000004
0.4,30,347,15.000000000000004
0.4,30,348,15.000000000000004
0.4,30,349,15.000000000000004
0.4,30,350,15.000000000000004
0.4,30,351,19.999999999999982
0.4,30,352,30.000000000000007
0.4,30,353,59.999999999999815
0.4,30,354,59.999999999999815
0.4,30,355,59.999999999999815
0.4,30,356,59.999999999999815
0.4,30,357,59.999999999999815
0.4,30,358,59.999999999999815
0.4,30,359,59.999999999999815
0.4,30,360,59.999999999999815
0.4,30,361,59.999999999999815
0.4,30,362,59.999999999999815
0.4,50,1,1.0
0.4,50,2,1.0
0.4,50,3,1.0
0.4,50,4,1.0
0.4,50,5,1.0
0.4,50,6,1.0
0.4,50,7,1.0
0.4,50,8,1.0
0.4,50,9,1.0
0.4,50,10,1.0
0.4,50,11,1.0
0.4,50,12,1.0
0.4,50,13,1.0
0.4,50,14,1.0169491525423728
0.4,50,15,1.0169491525423728
0.4,50,16,1.0169491525423728
0.4,50,17,1.0169491525423728
0.4,50,18,1.0169491525423728
0.4,50,19,1.0169491525423728
0.4,50,20,1.0344827586206897
0.4,50,21,1.0344827586206897
0.4,50,22,1.0344827586206897
0.4,50,23,1.0344827586206897
0.4,50,24,1.0344827586206897
0.4,50,25,1.0344827586206897
0.4,50,26,1.0344827586206897
0.4,50,27,1.0344827586206897
0.4,50,28,1.0344827586206897
0.4,50,29,1.0344827586206897
0.4,50,30,1.0344827586206897
0.4,50,31,1.0344827586206897
0.4,50,32,1.0344827586206897
0.4,50,33,1.0344827586206897
0.4,50,34,1.0344827586206897
0.4,50,35,1.0344827586206897
0.4,50,36,1.0526315789473684
0.4,50,37,1.0526315789473684
0.4,50,38,1.0526315789473684
0.4,50,39,1.0526315789473684
0.4,50,40,1.0714285714285714
0.4,50,41,1.0714285714285714
0.4,50,42,1.090909090909091
0.4,50,43,1.090909090909091
0.4,50,44,1.090909090909091
0.4,50,45,1.090909090909091
0.4,50,46,1.1111111111111112
0.4,50,47,1.1111111111111112
0.4,50,48,1.1111111111111112
0.4,50,49,1.1320754716981132
0.4,50,50,1.1320754716981132
0.4,50,51,1.1320754716981132
0.4,50,52,1.1538461538461537
0.4,50,53,1.1538461538461537
0.4,50,54,1.1538461538461537
0.4,50,55,1.1764705882352942
0.4,50,56,1.1764705882352942
0.4,50,57,1.1764705882352942
0.4,50,58,1.1764705882352942
0.4,50,59,1.1764705882352942
0.4,50,60,1.2
0.4,50,61,1.2
0.4,50,62,1.2
0.4,50,63,1.2
0.4,50,64,1.2244897959183674
0.4,50,65,1.2244897959183674
0.4,50,66,1.2244897959183674
0.4,50,67,1.25
0.4,50,68,1.2765957446808511
0.4,50,69,1.2765957446808511
0.4,50,70,1.2765957446808511
0.4,50,71,1.2765957446808511
0.4,50,72,1.2765957446808511
0.4,50,73,1.2765957446808511
0.4,50,74,1.2765957446808511
0.4,50,75,1.2765957446808511
0.4,50,76,1.2765957446808511
0.4,50,77,1.2765957446808511
0.4,50,78,1.3043478260869565
0.4,50,79,1.3043478260869565
0.4,50,80,1.3043478260869565
0.4,50,81,1.3043478260869565
0.4,50,82,1.3043478260869565
0.4,50,83,1.3043478260869565
0.4,50,84,1.3333333333333333
0.4,50,85,1.3333333333333333
0.4,50,86,1.3333333333333333
0.4,50,87,1.3333333333333333
0.4,50,88,1.3333333333333333
0.4,50,89,1.3333333333333333
0.4,50,90,1.3333333333333333
0.4,50,91,1.3333333333333333
0.4,50,92,1.3636363636363635
0.4,50,93,1.3636363636363635
0.4,50,94,1.3636363636363635
0.4,50,95,1.3636363636363635
0.4,50,96,1.3636363636363635
0.4,50,97,1.3953488372093024
0.4,50,98,1.3953488372093024
0.4,50,99,1.3953488372093024
0.4,50,100,1.3953488372093024
0.4,50,101,1.3953488372093024
0.4,50,102,1.4285714285714286
0.4,50,103,1.4285714285714286
0.4,50,104,1.4285714285714286
0.4,50,105,1.4634146341463414
0.4,50,106,1.4634146341463414
0.4,50,107,1.4634146341463414
0.4,50,108,1.4634146341463414
0.4,50,109,1.4999999999999998
0.4,50,110,1.5384615384615383
0.4,50,111,1.5384615384615383
0.4,50,112,1.5384615384615383
0.4,50,113,1.5384615384615383
0.4,50,114,1.5384615384615383
0.4,50,115,1.5789473684210527
0.4,50,116,1.5789473684210527
0.4,50,117,1.6216216216216215
0.4,50,118,1.6666666666666667
0.4,50,119,1.6666666666666667
0.4,50,120,1.6666666666666667
0.4,50,121,1.6666666666666667
0.4,50,122,1.6666666666666667
0.4,50,123,1.6666666666666667
0.4,50,124,1.6666666666666667
0.4,50,125,1.6666666666666667
0.4,50,126,1.7142857142857144
0.4,50,127,1.7142857142857144
0.4,50,128,1.7142857142857144
0.4,50,129,1.7142857142857144
0.4,50,130,1.7142857142857144
0.4,50,131,1.7142857142857144
0.4,50,132,1.7647058823529411
0.4,50,133,1.7647058823529411
0.4,50,134,1.7647058823529411
0.4,50,135,1.7647058823529411
0.4,50,136,1.7647058823529411
0.4,50,137,1.8181818181818181
0.4,50,138,1.8181818181818181
0.4,50,139,1.8181818181818181
0.4,50,140,1.8181818181818181
0.4,50,141,1.875
0.4,50,142,1.875
0.4,50,143,1.875
0.4,50,144,1.875
0.4,50,145,1.875
0.4,50,146,1.875
0.4,50,147,1.875
0.4,50,148,1.875
0.4,50,149,1.875
0.4,50,150,1.9354838709677422
0.4,50,151,1.9354838709677422
0.4,50,152,1.9354838709677422
0.4,50,153,1.9354838709677422
0.4,50,154,1.9354838709677422
0.4,50,155,1.9354838709677422
0.4,50,156,1.9354838709677422
0.4,50,157,2.0
0.4,50,158,2.0689655172413794
0.4,50,159,2.142857142857143
0.4,50,160,2.142857142857143
0.4,50,161,2.142857142857143
0.4,50,162,2.142857142857143
0.4,50,163,2.142857142857143
0.4,50,164,2.142857142857143
0.4,50,165,2.142857142857143
0.4,50,166,2.142857142857143
0.4,50,167,2.142857142857143
0.4,50,168,2.142857142857143
0.4,50,169,2.142857142857143
0.4,50,170,2.142857142857143
0.4,50,171,2.142857142857143
0.4,50,172,2.142857142857143
0.4,50,173,2.142857142857143
0.4,50,174,2.142857142857143
0.4,50,175,2.142857142857143
0.4,50,176,2.142857142857143
0.4,50,177,2.2222222222222223
0.4,50,178,2.2222222222222223
0.4,50,179,2.2222222222222223
0.4,50,180,2.2222222222222223
0.4,50,181,2.2222222222222223
0.4,50,182,2.2222222222222223
0.4,50,183,2.2222222222222223
0.4,50,184,2.2222222222222223
0.4,50,185,2.2222222222222223
0.4,50,186,2.2222222222222223
0.4,50,187,2.2222222222222223
0.4,50,188,2.2222222222222223
0.4,50,189,2.2222222222222223
0.4,50,190,2.3076923076923075
0.4,50,191,2.3076923076923075
0.4,50,192,2.4000000000000004
0.4,50,193,2.4000000000000004
0.4,50,194,2.4000000000000004
0.4,50,195,2.4000000000000004
0.4,50,196,2.4000000000000004
0.4,50,197,2.5
0.4,50,198,2.5
0.4,50,199,2.727272727272727
0.4,50,200,2.857142857142857
0.4,50,201,2.857142857142857
0.4,50,202,2.857142857142857
0.4,50,203,2.9999999999999996
0.4,50,204,2.9999999999999996
0.4,50,205,2.9999999999999996
0.4,50,206,3.333333333333333
0.4,50,207,3.333333333333333
0.4,50,208,3.333333333333333
0.4,50,209,3.333333333333333
0.4,50,210,3.333333333333333
0.4,50,211,3.333333333333333
0.4,50,212,3.333333333333333
0.4,50,213,3.333333333333333
0.4,50,214,3.333333333333333
0.4,50,215,3.333333333333333
0.4,50,216,3.5294117647058822
0.4,50,217,3.5294117647058822
0.4,50,218,3.5294117647058822
0.4,50,219,3.5294117647058822
0.4,50,220,3.749999999999999
0.4,50,221,3.749999999999999
0.4,50,222,3.749999999999999
0.4,50,223,3.749999999999999
0.4,50,224,3.749999999999999
0.4,50,225,3.749999999999999
0.4,50,226,4.0
0.4,50,227,4.0
0.4,50,228,4.0
0.4,50,229,4.0
0.4,50,230,4.0
0.4,50,231,4.0
0.4,50,232,4.0
0.4,50,233,4.2857142857142865
0.4,50,234,4.2857142857142865
0.4,50,235,4.615384615384615
0.4,50,236,4.615384615384615
0.4,50,237,4.615384615384615
0.4,50,238,4.615384615384615
0.4,50,239,4.615384615384615
0.4,50,240,4.615384615384615
0.4,50,241,4.615384615384615
0.4,50,242,4.615384615384615
0.4,50,243,4.615384615384615
0.4,50,244,4.615384615384615
0.4,50,245,4.615384615384615
0.4,50,246,5.000000000000001
0.4,50,247,5.000000000000001
0.4,50,248,5.000000000000001
0.4,50,249,5.000000000000001
0.4,50,250,5.000000000000001
0.4,50,251,5.000000000000001
0.4,50,252,5.000000000000001
0.4,50,253,5.000000000000001
0.4,50,254,5.000000000000001
0.4,50,255,5.000000000000001
0.4,50,256,5.000000000000001
0.4,50,257,5.000000000000001
0.4,50,258,5.000000000000001
0.4,50,259,5.000000000000001
0.4,50,260,5.000000000000001
0.4,50,261,5.000000000000001
0.4,50,262,5.000000000000001
0.4,50,263,5.000000000000001
0.4,50,264,5.000000000000001
0.4,50,265,5.000000000000001
0.4,50,266,5.000000000000001
0.4,50,267,5.000000000000001
0.4,50,268,5.000000000000001
0.4,50,269,5.454545454545454
0.4,50,270,5.454545454545454
0.4,50,271,5.454545454545454
0.4,50,272,5.454545454545454
0.4,50,273,5.454545454545454
0.4,50,274,5.454545454545454
0.4,50,275,5.454545454545454
0.4,50,276,5.454545454545454
0.4,50,277,5.454545454545454
0.4,50,278,5.454545454545454
0.4,50,279,5.454545454545454
0.4,50,280,5.454545454545454
0.4,50,281,5.454545454545454
0.4,50,282,5.454545454545454
0.4,50,283,5.454545454545454
0.4,50,284,5.454545454545454
0.4,50,285,5.454545454545454
0.4,50,286,5.454545454545454
0.4,50,287,6.000000000000002
0.4,50,288,6.000000000000002
0.4,50,289,6.000000000000002
0.4,50,290,6.000000000000002
0.4,50,291,6.000000000000002
0.4,50,292,6.666666666666666
0.4,50,293,7.500000000000002
0.4,50,294,7.500000000000002
0.4,50,295,8.57142857142857
0.4,50,296,8.57142857142857
0.4,50,297,8.57142857142857
0.4,50,298,8.57142857142857
0.4,50,299,8.57142857142857
0.4,50,300,8.57142857142857
0.4,50,301,8.57142857142857
0.4,50,302,8.57142857142857
0.4,50,303,8.57142857142857
0.4,50,304,8.57142857142857
0.4,50,305,8.57142857142857
0.4,50,306,8.57142857142857
0.4,50,307,8.57142857142857
0.4,50,308,8.57142857142857
0.4,50,309,8.57142857142857
0.4,50,310,8.57142857142857
0.4,50,311,10.000000000000002
0.4,50,312,10.000000000000002
0.4,50,313,10.000000000000002
0.4,50,314,10.000000000000002
0.4,50,315,10.000000000000002
0.4,50,316,10.000000000000002
0.4,50,317,10.000000000000002
0.4,50,318,10.000000000000002
0.4,50,319,10.000000000000002
0.4,50,320,10.000000000000002
0.4,50,321,10.000000000000002
0.4,50,322,10.000000000000002
0.4,50,323,11.999999999999995
0.4,50,324,11.999999999999995
0.4,50,325,11.999999999999995
0.4,50,326,15.000000000000004
0.4,50,327,15.000000000000004
0.4,50,328,15.000000000000004
0.4,50,329,15.000000000000004
0.4,50,330,15.000000000000004
0.4,50,331,19.999999999999982
0.4,50,332,30.000000000000007
0.4,50,333,59.999999999999815
0.4,50,334,59.999999999999815
0.4,50,335,59.999999999999815
0.4,50,336,59.999999999999815
0.4,50,337,59.999999999999815
0.4,50,338,59.999999999999815
0.4,50,339,59.999999999999815
0.4,50,340,59.999999999999815
0.4,50,341,59.999999999999815
0.4,50,342,59.999999999999815
0.4,50,343,59.999999999999815
0.4,50,344,59.999999999999815
0.4,50,345,59.999999999999815
0.4,50,346,59.999999999999815
0.4,50,347,59.999999999999815
0.4,50,348,59.999999999999815
0.4,50,349,59.999999999999815
0.4,50,350,60.0
0.4,50,351,60.0
0.4,50,352,60.0
0.4,50,353,60.0
0.4,50,354,60.0
0.4,50,355,60.0
0.4,50,356,60.0
0.4,50,357,60.0
0.4,50,358,60.0
0.4,50,359,60.0
0.4,50,360,60.0
0.4,50,361,60.0
0.4,50,362,60.0
0.6,20,1,1.0
0.6,20,2,1.0
0.6,20,3,1.0
0.6,20,4,1.0
0.6,20,5,1.0
0.6,20,6,1.0
0.6,20,7,1.0
0.6,20,8,1.0
0.6,20,9,1.0
0.6,20,10,1.0
0.6,20,11,1.0
0.6,20,12,1.0
0.6,20,13,1.0
0.6,20,14,1.0
0.6,20,15,1.0
0.6,20,16,1.0
0.6,20,17,1.0
0.6,20,18,1.0
0.6,20,19,1.0
0.6,20,20,1.0
0.6,20,21,1.0
0.6,20,22,1.0
0.6,20,23,1.0
0.6,20,24,1.0
0.6,20,25,1.0
0.6,20,26,1.0
0.6,20,27,1.0
0.6,20,28,1.0
0.6,20,29,1.0
0.6,20,30,1.0
0.6,20,31,1.0
0.6,20,32,1.0
0.6,20,33,1.0
0.6,20,34,1.0
0.6,20,35,1.0
0.6,20,36,1.0
0.6,20,37,1.0
0.6,20,38,1.0
0.6,20,39,1.0
0.6,20,40,1.0
0.6,20,41,1.0
0.6,20,42,1.0
0.6,20,43,1.0
0.6,20,44,1.0
0.6,20,45,1.0
0.6,20,46,1.0169491525423728
0.6,20,47,1.0169491525423728
0.6,20,48,1.0169491525423728
0.6,20,49,1.0169491525423728
0.6,20,50,1.0169491525423728
0.6,20,51,1.0169491525423728
0.6,20,52,1.0344827586206897
0.6,20,53,1.0526315789473684
0.6,20,54,1.0526315789473684
0.6,20,55,1.0526315789473684
0.6,20,56,1.0714285714285714
0.6,20,57,1.0714285714285714
0.6,20,58,1.0714285714285714
0.6,20,59,1.0714285714285714
0.6,20,60,1.0714285714285714
0.6,20,61,1.0714285714285714
0.6,20,62,1.0714285714285714
0.6,20,63,1.090909090909091
0.6,20,64,1.090909090909091
0.6,20,65,1.090909090909091
0.6,20,66,1.090909090909091
0.6,20,67,1.1111111111111112
0.6,20,68,1.1111111111111112
0.6,20,69,1.1538461538461537
0.6,20,70,1.1538461538461537
0.6,20,71,1.1764705882352942
0.6,20,72,1.1764705882352942
0.6,20,73,1.1764705882352942
0.6,20,74,1.1764705882352942
0.6,20,75,1.1764705882352942
0.6,20,76,1.1764705882352942
0.6,20,77,1.1764705882352942
0.6,20,78,1.1764705882352942
0.6,20,79,1.2
0.6,20,80,1.2
0.6,20,81,1.2244897959183674
0.6,20,82,1.25
0.6,20,83,1.25
0.6,20,84,1.25
0.6,20,85,1.25
0.6,20,86,1.25
0.6,20,87,1.2765957446808511
0.6,20,88,1.2765957446808511
0.6,20,89,1.2765957446808511
0.6,20,90,1.2765957446808511
0.6,20,91,1.2765957446808511
0.6,20,92,1.2765957446808511
0.6,20,93,1.3043478260869565
0.6,20,94,1.3043478260869565
0.6,20,95,1.3043478260869565
0.6,20,96,1.3043478260869565
0.6,20,97,1.3043478260869565
0.6,20,98,1.3043478260869565
0.6,20,99,1.3043478260869565
0.6,20,100,1.3043478260869565
0.6,20,101,1.3043478260869565
0.6,20,102,1.3043478260869565
0.6,20,103,1.3043478260869565
0.6,20,104,1.3043478260869565
0.6,20,105,1.3333333333333333
0.6,20,106,1.3333333333333333
0.6,20,107,1.3636363636363635
0.6,20,108,1.3636363636363635
0.6,20,109,1.3636363636363635
0.6,20,110,1.3636363636363635
0.6,20,111,1.3953488372093024
0.6,20,112,1.4285714285714286
0.6,20,113,1.4285714285714286
0.6,20,114,1.4285714285714286
0.6,20,115,1.4634146341463414
0.6,20,116,1.4999999999999998
0.6,20,117,1.4999999999999998
0.6,20,118,1.5384615384615383
0.6,20,119,1.5789473684210527
0.6,20,120,1.5789473684210527
0.6,20,121,1.6216216216216215
0.6,20,122,1.6216216216216215
0.6,20,123,1.6216216216216215
0.6,20,124,1.6666666666666667
0.6,20,125,1.6666666666666667
0.6,20,126,1.6666666666666667
0.6,20,127,1.6666666666666667
0.6,20,128,1.6666666666666667
0.6,20,129,1.6666666666666667
0.6,20,130,1.6666666666666667
0.6,20,131,1.6666666666666667
0.6,20,132,1.6666666666666667
0.6,20,133,1.6666666666666667
0.6,20,134,1.6666666666666667
0.6,20,135,1.6666666666666667
0.6,20,136,1.6666666666666667
0.6,20,137,1.6666666666666667
0.6,20,138,1.6666666666666667
0.6,20,139,1.6666666666666667
0.6,20,140,1.6666666666666667
0.6,20,141,1.6666666666666667
0.6,20,142,1.6666666666666667
0.6,20,143,1.6666666666666667
0.6,20,144,1.6666666666666667
0.6,20,145,1.6666666666666667
0.6,20,146,1.7142857142857144
0.6,20,147,1.7142857142857144
0.6,20,148,1.7142857142857144
0.6,20,149,1.7142857142857144
0.6,20,150,1.7647058823529411
0.6,20,151,1.7647058823529411
0.6,20,152,1.7647058823529411
0.6,20,153,1.7647058823529411
0.6,20,154,1.7647058823529411
0.6,20,155,1.8181818181818181
0.6,20,156,1.8181818181818181
0.6,20,157,1.8181818181818181
0.6,20,158,1.8181818181818181
0.6,20,159,1.8181818181818181
0.6,20,160,1.8181818181818181
0.6,20,161,1.875
0.6,20,162,1.875
0.6,20,163,1.875
0.6,20,164,1.875
0.6,20,165,1.9354838709677422
0.6,20,166,1.9354838709677422
0.6,20,167,1.9354838709677422
0.6,20,168,1.9354838709677422
0.6,20,169,2.0689655172413794
0.6,20,170,2.0689655172413794
0.6,20,171,2.142857142857143
0.6,20,172,2.142857142857143
0.6,20,173,2.142857142857143
0.6,20,174,2.2222222222222223
0.6,20,175,2.2222222222222223
0.6,20,176,2.2222222222222223
0.6,20,177,2.2222222222222223
0.6,20,178,2.3076923076923075
0.6,20,179,2.3076923076923075
0.6,20,180,2.3076923076923075
0.6,20,181,2.3076923076923075
0.6,20,182,2.4000000000000004
0.6,20,183,2.4000000000000004
0.6,20,184,2.4000000000000004
0.6,20,185,2.4000000000000004
0.6,20,186,2.4000000000000004
0.6,20,187,2.5
0.6,20,188,2.5
0.6,20,189,2.5
0.6,20,190,2.5
0.6,20,191,2.5
0.6,20,192,2.5
0.6,20,193,2.608695652173913
0.6,20,194,2.857142857142857
0.6,20,195,2.9999999999999996
0.6,20,196,2.9999999999999996
0.6,20,197,2.9999999999999996
0.6,20,198,2.9999999999999996
0.6,20,199,2.9999999999999996
0.6,20,200,2.9999999999999996
0.6,20,201,2.9999999999999996
0.6,20,202,2.9999999999999996
0.6,20,203,2.9999999999999996
0.6,20,204,2.9999999999999996
0.6,20,205,2.9999999999999996
0.6,20,206,3.1578947368421053
0.6,20,207,3.1578947368421053
0.6,20,208,3.1578947368421053
0.6,20,209,3.1578947368421053
0.6,20,210,3.1578947368421053
0.6,20,211,3.333333333333333
0.6,20,212,3.333333333333333
0.6,20,213,3.333333333333333
0.6,20,214,3.333333333333333
0.6,20,215,3.333333333333333
0.6,20,216,3.333333333333333
0.6,20,217,3.333333333333333
0.6,20,218,3.333333333333333
0.6,20,219,3.333333333333333
0.6,20,220,3.333333333333333
0.6,20,221,3.5294117647058822
0.6,20,222,3.5294117647058822
0.6,20,223,3.5294117647058822
0.6,20,224,3.5294117647058822
0.6,20,225,3.5294117647058822
0.6,20,226,3.5294117647058822
0.6,20,227,3.5294117647058822
0.6,20,228,3.5294117647058822
0.6,20,229,3.5294117647058822
0.6,20,230,3.5294117647058822
0.6,20,231,3.749999999999999
0.6,20,232,3.749999999999999
0.6,20,233,3.749999999999999
0.6,20,234,4.0
0.6,20,235,4.0
0.6,20,236,4.615384615384615
0.6,20,237,5.000000000000001
0.6,20,238,5.000000000000001
0.6,20,239,5.000000000000001
0.6,20,240,5.000000000000001
0.6,20,241,5.454545454545454
0.6,20,242,6.000000000000002
0.6,20,243,6.000000000000002
0.6,20,244,6.000000000000002
0.6,20,245,6.000000000000002
0.6,20,246,6.000000000000002
0.6,20,247,6.000000000000002
0.6,20,248,6.000000000000002
0.6,20,249,6.000000000000002
0.6,20,250,6.000000000000002
0.6,20,251,6.000000000000002
0.6,20,252,6.666666666666666
0.6,20,253,6.666666666666666
0.6,20,254,6.666666666666666
0.6,20,255,6.666666666666666
0.6,20,256,7.500000000000002
0.6,20,257,7.500000000000002
0.6,20,258,7.500000000000002
0.6,20,259,8.57142857142857
0.6,20,260,8.57142857142857
0.6,20,261,10.000000000000002
0.6,20,262,10.000000000000002
0.6,20,263,10.000000000000002
0.6,20,264,10.000000000000002
0.6,20,265,10.000000000000002
0.6,20,266,10.000000000000002
0.6,20,267,10.000000000000002
0.6,20,268,10.000000000000002
0.6,20,269,10.000000000000002
0.6,20,270,15.000000000000004
0.6,20,271,15.000000000000004
0.6,20,272,15.000000000000004
0.6,20,273,15.000000000000004
0.6,20,274,15.000000000000004
0.6,20,275,15.000000000000004
0.6,20,276,15.000000000000004
0.6,20,277,15.000000000000004
0.6,20,278,15.000000000000004
0.6,20,279,15.000000000000004
0.6,20,280,15.000000000000004
0.6,20,281,15.000000000000004
0.6,20,282,15.000000000000004
0.6,20,283,19.999999999999982
0.6,20,284,19.999999999999982
0.6,20,285,19.999999999999982
0.6,20,286,19.999999999999982
0.6,20,287,19.999999999999982
0.6,20,288,19.999999999999982
0.6,20,289,19.999999999999982
0.6,20,290,19.999999999999982
0.6,20,291,19.999999999999982
0.6,20,292,19.999999999999982
0.6,20,293,19.999999999999982
0.6,20,294,19.999999999999982
0.6,20,295,19.999999999999982
0.6,20,296,19.999999999999982
0.6,20,297,30.000000000000007
0.6,20,298,30.000000000000007
0.6,20,299,59.999999999999815
0.6,20,300,59.999999999999815
0.6,20,301,59.999999999999815
0.6,20,302,59.999999999999815
0.6,20,303,60.0
0.6,20,304,60.0
0.6,20,305,60.0
0.6,20,306,60.0
0.6,20,307,60.0
0.6,20,308,60.0
0.6,20,309,60.0
0.6,20,310,60.0
0.6,20,311,60.0
0.6,20,312,60.0
0.6,20,313,60.0
0.6,20,314,60.0
0.6,20,315,60.0
0.6,20,316,60.0
0.6,20,317,60.0
0.6,20,318,60.0
0.6,20,319,60.0
0.6,20,320,60.0
0.6,20,321,60.0
0.6,20,322,60.0
0.6,20,323,60.0
0.6,20,324,60.0
0.6,20,325,60.0
0.6,20,326,60.0
0.6,20,327,60.0
0.6,20,328,60.0
0.6,20,329,60.0
0.6,20,330,60.0
0.6,20,331,60.0
0.6,20,332,60.0
0.6,20,333,60.0
0.6,20,334,60.0
0.6,20,335,60.0
0.6,20,336,60.0
0.6,20,337,60.0
0.6,20,338,60.0
0.6,20,339,60.0
0.6,20,340,60.0
0.6,20,341,60.0
0.6,20,342,60.0
0.6,20,343,60.0
0.6,20,344,60.0
0.6,20,345,60.0
0.6,20,346,60.0
0.6,20,347,60.0
0.6,20,348,60.0
0.6,20,349,60.0
0.6,20,350,60.0
0.6,20,351,60.0
0.6,20,352,60.0
0.6,20,353,60.0
0.6,20,354,60.0
0.6,20,355,60.0
0.6,20,356,60.0
0.6,20,357,60.0
0.6,20,358,60.0
0.6,20,359,60.0
0.6,20,360,60.0
0.6,20,361,60.0
0.6,20,362,60.0
0.6,30,1,1.0
0.6,30,2,1.0
0.6,30,3,1.0
0.6,30,4,1.0
0.6,30,5,1.0
0.6,30,6,1.0
0.6,30,7,1.0
0.6,30,8,1.0
0.6,30,9,1.0
0.6,30,10,1.0
0.6,30,11,1.0
0.6,30,12,1.0
0.6,30,13,1.0
0.6,30,14,1.0
0.6,30,15,1.0
0.6,30,16,1.0
0.6,30,17,1.0
0.6,30,18,1.0
0.6,30,19,1.0
0.6,30,20,1.0
0.6,30,21,1.0
0.6,30,22,1.0
0.6,30,23,1.0
0.6,30,24,1.0
0.6,30,25,1.0
0.6,30,26,1.0
0.6,30,27,1.0
0.6,30,28,1.0
0.6,30,29,1.0
0.6,30,30,1.0
0.6,30,31,1.0
0.6,30,32,1.0
0.6,30,33,1.0
0.6,30,34,1.0
0.6,30,35,1.0
0.6,30,36,1.0169491525423728
0.6,30,37,1.0169491525423728
0.6,30,38,1.0169491525423728
0.6,30,39,1.0169491525423728
0.6,30,40,1.0169491525423728
0.6,30,41,1.0169491525423728
0.6,30,42,1.0344827586206897
0.6,30,43,1.0526315789473684
0.6,30,44,1.0526315789473684
0.6,30,45,1.0526315789473684
0.6,30,46,1.0714285714285714
0.6,30,47,1.0714285714285714
0.6,30,48,1.0714285714285714
0.6,30,49,1.0714285714285714
0.6,30,50,1.0714285714285714
0.6,30,51,1.0714285714285714
0.6,30,52,1.0714285714285714
0.6,30,53,1.090909090909091
0.6,30,54,1.090909090909091
0.6,30,55,1.090909090909091
0.6,30,56,1.090909090909091
0.6,30,57,1.1111111111111112
0.6,30,58,1.1111111111111112
0.6,30,59,1.1538461538461537
0.6,30,60,1.1538461538461537
0.6,30,61,1.1764705882352942
0.6,30,62,1.1764705882352942
0.6,30,63,1.1764705882352942
0.6,30,64,1.1764705882352942
0.6,30,65,1.1764705882352942
0.6,30,66,1.1764705882352942
0.6,30,67,1.1764705882352942
0.6,30,68,1.1764705882352942
0.6,30,69,1.2
0.6,30,70,1.2
0.6,30,71,1.2244897959183674
0.6,30,72,1.25
0.6,30,73,1.25
0.6,30,74,1.25
0.6,30,75,1.25
0.6,30,76,1.25
0.6,30,77,1.2765957446808511
0.6,30,78,1.2765957446808511
0.6,30,79,1.2765957446808511
0.6,30,80,1.2765957446808511
0.6,30,81,1.2765957446808511
0.6,30,82,1.2765957446808511
0.6,30,83,1.3043478260869565
0.6,30,84,1.3043478260869565
0.6,30,85,1.3043478260869565
0.6,30,86,1.3043478260869565
0.6,30,87,1.3043478260869565
0.6,30,88,1.3043478260869565
0.6,30,89,1.3043478260869565
0.6,30,90,1.3043478260869565
0.6,30,91,1.3043478260869565
0.6,30,92,1.3043478260869565
0.6,30,93,1.3043478260869565
0.6,30,94,1.3043478260869565
0.6,30,95,1.3333333333333333
0.6,30,96,1.3333333333333333
0.6,30,97,1.3636363636363635
0.6,30,98,1.3636363636363635
0.6,30,99,1.3636363636363635
0.6,30,100,1.3636363636363635
0.6,30,101,1.3953488372093024
0.6,30,102,1.4285714285714286
0.6,30,103,1.4285714285714286
0.6,30,104,1.4285714285714286
0.6,30,105,1.4634146341463414
0.6,30,106,1.4999999999999998
0.6,30,107,1.4999999999999998
0.6,30,108,1.5384615384615383
0.6,30,109,1.5789473684210527
0.6,30,110,1.5789473684210527
0.6,30,111,1.6216216216216215
0.6,30,112,1.6216216216216215
0.6,30,113,1.6216216216216215
0.6,30,114,1.6666666666666667
0.6,30,115,1.6666666666666667
0.6,30,116,1.6666666666666667
0.6,30,117,1.6666666666666667
0.6,30,118,1.6666666666666667
0.6,30,119,1.6666666666666667
0.6,30,120,1.6666666666666667
0.6,30,121,1.6666666666666667
0.6,30,122,1.6666666666666667
0.6,30,123,1.6666666666666667
0.6,30,124,1.6666666666666667
0.6,30,125,1.6666666666666667
0.6,30,126,1.6666666666666667
0.6,30,127,1.6666666666666667
0.6,30,128,1.6666666666666667
0.6,30,129,1.6666666666666667
0.6,30,130,1.6666666666666667
0.6,30,131,1.6666666666666667
0.6,30,132,1.6666666666666667
0.6,30,133,1.6666666666666667
0.6,30,134,1.6666666666666667
0.6,30,135,1.6666666666666667
0.6,30,136,1.7142857142857144
0.6,30,137,1.7142857142857144
0.6,30,138,1.7142857142857144
0.6,30,139,1.7142857142857144
0.6,30,140,1.7647058823529411
0.6,30,141,1.7647058823529411
0.6,30,142,1.7647058823529411
0.6,30,143,1.7647058823529411
0.6,30,144,1.7647058823529411
0.6,30,145,1.8181818181818181
0.6,30,146,1.8181818181818181
0.6,30,147,1.8181818181818181
0.6,30,148,1.8181818181818181
0.6,30,149,1.8181818181818181
0.6,30,150,1.8181818181818181
0.6,30,151,1.875
0.6,30,152,1.875
0.6,30,153,1.875
0.6,30,154,1.875
0.6,30,155,1.9354838709677422
0.6,30,156,1.9354838709677422
0.6,30,157,1.9354838709677422
0.6,30,158,1.9354838709677422
0.6,30,159,2.0689655172413794
0.6,30,160,2.0689655172413794
0.6,30,161,2.142857142857143
0.6,30,162,2.142857142857143
0.6,30,163,2.142857142857143
0.6,30,164,2.2222222222222223
0.6,30,165,2.2222222222222223
0.6,30,166,2.2222222222222223
0.6,30,167,2.2222222222222223
0.6,30,168,2.3076923076923075
0.6,30,169,2.3076923076923075
0.6,30,170,2.3076923076923075
0.6,30,171,2.3076923076923075
0.6,30,172,2.4000000000000004
0.6,30,173,2.4000000000000004
0.6,30,174,2.4000000000000004
0.6,30,175,2.4000000000000004
0.6,30,176,2.4000000000000004
0.6,30,177,2.5
0.6,30,178,2.5
0.6,30,179,2.5
0.6,30,180,2.5
0.6,30,181,2.5
0.6,30,182,2.5
0.6,30,183,2.608695652173913
0.6,30,184,2.857142857142857
0.6,30,185,2.9999999999999996
0.6,30,186,2.9999999999999996
0.6,30,187,2.9999999999999996
0.6,30,188,2.9999999999999996
0.6,30,189,2.9999999999999996
0.6,30,190,2.9999999999999996
0.6,30,191,2.9999999999999996
0.6,30,192,2.9999999999999996
0.6,30,193,2.9999999999999996
0.6,30,194,2.9999999999999996
0.6,30,195,2.9999999999999996
0.6,30,196,3.1578947368421053
0.6,30,197,3.1578947368421053
0.6,30,198,3.1578947368421053
0.6,30,199,3.1578947368421053
0.6,30,200,3.1578947368421053
0.6,30,201,3.333333333333333
0.6,30,202,3.333333333333333
0.6,30,203,3.333333333333333
0.6,30,204,3.333333333333333
0.6,30,205,3.333333333333333
0.6,30,206,3.333333333333333
0.6,30,207,3.333333333333333
0.6,30,208,3.333333333333333
0.6,30,209,3.333333333333333
0.6,30,210,3.333333333333333
0.6,30,211,3.5294117647058822
0.6,30,212,3.5294117647058822
0.6,30,213,3.5294117647058822
0.6,30,214,3.5294117647058822
0.6,30,215,3.5294117647058822
0.6,30,216,3.5294117647058822
0.6,30,217,3.5294117647058822
0.6,30,218,3.5294117647058822
0.6,30,219,3.5294117647058822
0.6,30,220,3.5294117647058822
0.6,30,221,3.749999999999999
0.6,30,222,3.749999999999999
0.6,30,223,3.749999999999999
0.6,30,224,4.0
0.6,30,225,4.0
0.6,30,226,4.615384615384615
0.6,30,227,5.000000000000001
0.6,30,228,5.000000000000001
0.6,30,229,5.000000000000001
0.6,30,230,5.000000000000001
0.6,30,231,5.454545454545454
0.6,30,232,6.000000000000002
0.6,30,233,6.000000000000002
0.6,30,234,6.000000000000002
0.6,30,235,6.000000000000002
0.6,30,236,6.000000000000002
0.6,30,237,6.000000000000002
0.6,30,238,6.000000000000002
0.6,30,239,6.000000000000002
0.6,30,240,6.000000000000002
0.6,30,241,6.000000000000002
0.6,30,242,6.666666666666666
0.6,30,243,6.666666666666666
0.6,30,244,6.666666666666666
0.6,30,245,6.666666666666666
0.6,30,246,7.500000000000002
0.6,30,247,7.500000000000002
0.6,30,248,7.500000000000002
0.6,30,249,8.57142857142857
0.6,30,250,8.57142857142857
0.6,30,251,10.000000000000002
0.6,30,252,10.000000000000002
0.6,30,253,10.000000000000002
0.6,30,254,10.000000000000002
0.6,30,255,10.000000000000002
0.6,30,256,10.000000000000002
0.6,30,257,10.000000000000002
0.6,30,258,10.000000000000002
0.6,30,259,10.000000000000002
0.6,30,260,15.000000000000004
0.6,30,261,15.000000000000004
0.6,30,262,15.000000000000004
0.6,30,263,15.000000000000004
0.6,30,264,15.000000000000004
0.6,30,265,15.000000000000004
0.6,30,266,15.000000000000004
0.6,30,267,15.000000000000004
0.6,30,268,15.000000000000004
0.6,30,269,15.000000000000004
0.6,30,270,15.000000000000004
0.6,30,271,15.000000000000004
0.6,30,272,15.000000000000004
0.6,30,273,19.999999999999982
0.6,30,274,19.999999999999982
0.6,30,275,19.999999999999982
0.6,30,276,19.999999999999982
0.6,30,277,19.999999999999982
0.6,30,278,19.999999999999982
0.6,30,279,19.999999999999982
0.6,30,280,19.999999999999982
0.6,30,281,19.999999999999982
0.6,30,282,19.999999999999982
0.6,30,283,19.999999999999982
0.6,30,284,19.999999999999982
0.6,30,285,19.999999999999982
0.6,30,286,19.999999999999982
0.6,30,287,30.000000000000007
0.6,30,288,30.000000000000007
0.6,30,289,59.999999999999815
0.6,30,290,59.999999999999815
0.6,30,291,59.999999999999815
0.6,30,292,59.999999999999815
0.6,30,293,60.0
0.6,30,294,60.0
0.6,30,295,60.0
0.6,30,296,60.0
0.6,30,297,60.0
0.6,30,298,60.0
0.6,30,299,60.0
0.6,30,300,60.0
0.6,30,301,60.0
0.6,30,302,60.0
0.6,30,303,60.0
0.6,30,304,60.0
0.6,30,305,60.0
0.6,30,306,60.0
0.6,30,307,60.0
0.6,30,308,60.0
0.6,30,309,60.0
0.6,30,310,60.0
0.6,30,311,60.0
0.6,30,312,60.0
0.6,30,313,60.0
0.6,30,314,60.0
0.6,30,315,60.0
0.6,30,316,60.0
0.6,30,317,60.0
0.6,30,318,60.0
0.6,30,319,60.0
0.6,30,320,60.0
0.6,30,321,60.0
0.6,30,322,60.0
0.6,30,323,60.0
0.6,30,324,60.0
0.6,30,325,60.0
0.6,30,326,60.0
0.6,30,327,60.0
0.6,30,328,60.0
0.6,30,329,60.0
0.6,30,330,60.0
0.6,30,331,60.0
0.6,30,332,60.0
0.6,30,333,60.0
0.6,30,334,60.0
0.6,30,335,60.0
0.6,30,336,60.0
0.6,30,337,60.0
0.6,30,338,60.0
0.6,30,339,60.0
0.6,30,340,60.0
0.6,30,341,60.0
0.6,30,342,60.0
0.6,30,343,60.0
0.6,30,344,60.0
0.6,30,345,60.0
0.6,30,346,60.0
0.6,30,347,60.0
0.6,30,348,60.0
0.6,30,349,60.0
0.6,30,350,60.0
0.6,30,351,60.0
0.6,30,352,60.0
0.6,30,353,60.0
0.6,30,354,60.0
0.6,30,355,60.0
0.6,30,356,60.0
0.6,30,357,60.0
0.6,30,358,60.0
0.6,30,359,60.0
0.6,30,360,60.0
0.6,30,361,60.0
0.6,30,362,60.0
0.6,50,1,1.0
0.6,50,2,1.0
0.6,50,3,1.0
0.6,50,4,1.0
0.6,50,5,1.0
0.6,50,6,1.0
0.6,50,7,1.0
0.6,50,8,1.0
0.6,50,9,1.0
0.6,50,10,1.0
0.6,50,11,1.0
0.6,50,12,1.0
0.6,50,13,1.0
0.6,50,14,1.0
0.6,50,15,1.0
0.6,50,16,1.0169491525423728
0.6,50,17,1.0169491525423728
0.6,50,18,1.0169491525423728
0.6,50,19,1.0169491525423728
0.6,50,20,1.0169491525423728
0.6,50,21,1.0169491525423728
0.6,50,22,1.0344827586206897
0.6,50,23,1.0526315789473684
0.6,50,24,1.0526315789473684
0.6,50,25,1.0526315789473684
0.6,50,26,1.0714285714285714
0.6,50,27,1.0714285714285714
0.6,50,28,1.0714285714285714
0.6,50,29,1.0714285714285714
0.6,50,30,1.0714285714285714
0.6,50,31,1.0714285714285714
0.6,50,32,1.0714285714285714
0.6,50,33,1.090909090909091
0.6,50,34,1.090909090909091
0.6,50,35,1.090909090909091
0.6,50,36,1.090909090909091
0.6,50,37,1.1111111111111112
0.6,50,38,1.1111111111111112
0.6,50,39,1.1538461538461537
0.6,50,40,1.1538461538461537
0.6,50,41,1.1764705882352942
0.6,50,42,1.1764705882352942
0.6,50,43,1.1764705882352942
0.6,50,44,1.1764705882352942
0.6,50,45,1.1764705882352942
0.6,50,46,1.1764705882352942
0.6,50,47,1.1764705882352942
0.6,50,48,1.1764705882352942
0.6,50,49,1.2
0.6,50,50,1.2
0.6,50,51,1.2244897959183674
0.6,50,52,1.25
0.6,50,53,1.25
0.6,50,54,1.25
0.6,50,55,1.25
0.6,50,56,1.25
0.6,50,57,1.2765957446808511
0.6,50,58,1.2765957446808511
0.6,50,59,1.2765957446808511
0.6,50,60,1.2765957446808511
0.6,50,61,1.2765957446808511
0.6,50,62,1.2765957446808511
0.6,50,63,1.3043478260869565
0.6,50,64,1.3043478260869565
0.6,50,65,1.3043478260869565
0.6,50,66,1.3043478260869565
0.6,50,67,1.3043478260869565
0.6,50,68,1.3043478260869565
0.6,50,69,1.3043478260869565
0.6,50,70,1.3043478260869565
0.6,50,71,1.3043478260869565
0.6,50,72,1.3043478260869565
0.6,50,73,1.3043478260869565
0.6,50,74,1.3043478260869565
0.6,50,75,1.3333333333333333
0.6,50,76,1.3333333333333333
0.6,50,77,1.3636363636363635
0.6,50,78,1.3636363636363635
0.6,50,79,1.3636363636363635
0.6,50,80,1.3636363636363635
0.6,50,81,1.3953488372093024
0.6,50,82,1.4285714285714286
0.6,50,83,1.4285714285714286
0.6,50,84,1.4285714285714286
0.6,50,85,1.4634146341463414
0.6,50,86,1.4999999999999998
0.6,50,87,1.4999999999999998
0.6,50,88,1.5384615384615383
0.6,50,89,1.5789473684210527
0.6,50,90,1.5789473684210527
0.6,50,91,1.6216216216216215
0.6,50,92,1.6216216216216215
0.6,50,93,1.6216216216216215
0.6,50,94,1.6666666666666667
0.6,50,95,1.6666666666666667
0.6,50,96,1.6666666666666667
0.6,50,97,1.6666666666666667
0.6,50,98,1.6666666666666667
0.6,50,99,1.6666666666666667
0.6,50,100,1.6666666666666667
0.6,50,101,1.6666666666666667
0.6,50,102,1.6666666666666667
0.6,50,103,1.6666666666666667
0.6,50,104,1.6666666666666667
0.6,50,105,1.6666666666666667
0.6,50,106,1.6666666666666667
0.6,50,107,1.6666666666666667
0.6,50,108,1.6666666666666667
0.6,50,109,1.6666666666666667
0.6,50,110,1.6666666666666667
0.6,50,111,1.6666666666666667
0.6,50,112,1.6666666666666667
0.6,50,113,1.6666666666666667
0.6,50,114,1.6666666666666667
0.6,50,115,1.6666666666666667
0.6,50,116,1.7142857142857144
0.6,50,117,1.7142857142857144
0.6,50,118,1.7142857142857144
0.6,50,119,1.7142857142857144
0.6,50,120,1.7647058823529411
0.6,50,121,1.7647058823529411
0.6,50,122,1.7647058823529411
0.6,50,123,1.7647058823529411
0.6,50,124,1.7647058823529411
0.6,50,125,1.8181818181818181
0.6,50,126,1.8181818181818181
0.6,50,127,1.8181818181818181
0.6,50,128,1.8181818181818181
0.6,50,129,1.8181818181818181
0.6,50,130,1.8181818181818181
0.6,50,131,1.875
0.6,50,132,1.875
0.6,50,133,1.875
0.6,50,134,1.875
0.6,50,135,1.9354838709677422
0.6,50,136,1.9354838709677422
0.6,50,137,1.9354838709677422
0.6,50,138,1.9354838709677422
0.6,50,139,2.0689655172413794
0.6,50,140,2.0689655172413794
0.6,50,141,2.142857142857143
0.6,50,142,2.142857142857143
0.6,50,143,2.142857142857143
0.6,50,144,2.2222222222222223
0.6,50,145,2.2222222222222223
0.6,50,146,2.2222222222222223
0.6,50,147,2.2222222222222223
0.6,50,148,2.3076923076923075
0.6,50,149,2.3076923076923075
0.6,50,150,2.3076923076923075
0.6,50,151,2.3076923076923075
0.6,50,152,2.4000000000000004
0.6,50,153,2.4000000000000004
0.6,50,154,2.4000000000000004
0.6,50,155,2.4000000000000004
0.6,50,156,2.4000000000000004
0.6,50,157,2.5
0.6,50,158,2.5
0.6,50,159,2.5
0.6,50,160,2.5
0.6,50,161,2.5
0.6,50,162,2.5
0.6,50,163,2.608695652173913
0.6,50,164,2.857142857142857
0.6,50,165,2.9999999999999996
0.6,50,166,2.9999999999999996
0.6,50,167,2.9999999999999996
0.6,50,168,2.9999999999999996
0.6,50,169,2.9999999999999996
0.6,50,170,2.9999999999999996
0.6,50,171,2.9999999999999996
0.6,50,172,2.9999999999999996
0.6,50,173,2.9999999999999996
0.6,50,174,2.9999999999999996
0.6,50,175,2.9999999999999996
0.6,50,176,3.1578947368421053
0.6,50,177,3.1578947368421053
0.6,50,178,3.1578947368421053
0.6,50,179,3.1578947368421053
0.6,50,180,3.1578947368421053
0.6,50,181,3.333333333333333
0.6,50,182,3.333333333333333
0.6,50,183,3.333333333333333
0.6,50,184,3.333333333333333
0.6,50,185,3.333333333333333
0.6,50,186,3.333333333333333
0.6,50,187,3.333333333333333
0.6,50,188,3.333333333333333
0.6,50,189,3.333333333333333
0.6,50,190,3.333333333333333
0.6,50,191,3.5294117647058822
0.6,50,192,3.5294117647058822
0.6,50,193,3.5294117647058822
0.6,50,194,3.5294117647058822
0.6,50,195,3.5294117647058822
0.6,50,196,3.5294117647058822
0.6,50,197,3.5294117647058822
0.6,50,198,3.5294117647058822
0.6,50,199,3.5294117647058822
0.6,50,200,3.5294117647058822
0.6,50,201,3.749999999999999
0.6,50,202,3.749999999999999
0.6,50,203,3.749999999999999
0.6,50,204,4.0
0.6,50,205,4.0
0.6,50,206,4.615384615384615
0.6,50,207,5.000000000000001
0.6,50,208,5.000000000000001
0.6,50,209,5.000000000000001
0.6,50,210,5.000000000000001
0.6,50,211,5.454545454545454
0.6,50,212,6.000000000000002
0.6,50,213,6.000000000000002
0.6,50,214,6.000000000000002
0.6,50,215,6.000000000000002
0.6,50,216,6.000000000000002
0.6,50,217,6.000000000000002
0.6,50,218,6.000000000000002
0.6,50,219,6.000000000000002
0.6,50,220,6.000000000000002
0.6,50,221,6.000000000000002
0.6,50,222,6.666666666666666
0.6,50,223,6.666666666666666
0.6,50,224,6.666666666666666
0.6,50,225,6.666666666666666
0.6,50,226,7.500000000000002
0.6,50,227,7.500000000000002
0.6,50,228,7.500000000000002
0.6,50,229,8.57142857142857
0.6,50,230,8.57142857142857
0.6,50,231,10.000000000000002
0.6,50,232,10.000000000000002
0.6,50,233,10.000000000000002
0.6,50,234,10.000000000000002
0.6,50,235,10.000000000000002
0.6,50,236,10.000000000000002
0.6,50,237,10.000000000000002
0.6,50,238,10.000000000000002
0.6,50,239,10.000000000000002
0.6,50,240,15.000000000000004
0.6,50,241,15.000000000000004
0.6,50,242,15.000000000000004
0.6,50,243,15.000000000000004
0.6,50,244,15.000000000000004
0.6,50,245,15.000000000000004
0.6,50,246,15.000000000000004
0.6,50,247,15.000000000000004
0.6,50,248,15.000000000000004
0.6,50,249,15.000000000000004
0.6,50,250,15.000000000000004
0.6,50,251,15.000000000000004
0.6,50,252,15.000000000000004
0.6,50,253,19.999999999999982
0.6,50,254,19.999999999999982
0.6,50,255,19.999999999999982
0.6,50,256,19.999999999999982
0.6,50,257,19.999999999999982
0.6,50,258,19.999999999999982
0.6,50,259,19.999999999999982
0.6,50,260,19.999999999999982
0.6,50,261,19.999999999999982
0.6,50,262,19.999999999999982
0.6,50,263,19.999999999999982
0.6,50,264,19.999999999999982
0.6,50,265,19.999999999999982
0.6,50,266,19.999999999999982
0.6,50,267,30.000000000000007
0.6,50,268,30.000000000000007
0.6,50,269,59.999999999999815
0.6,50,270,59.999999999999815
0.6,50,271,59.999999999999815
0.6,50,272,59.999999999999815
0.6,50,273,60.0
0.6,50,274,60.0
0.6,50,275,60.0
0.6,50,276,60.0
0.6,50,277,60.0
0.6,50,278,60.0
0.6,50,279,60.0
0.6,50,280,60.0
0.6,50,281,60.0
0.6,50,282,60.0
0.6,50,283,60.0
0.6,50,284,60.0
0.6,50,285,60.0
0.6,50,286,60.0
0.6,50,287,60.0
0.6,50,288,60.0
0.6,50,289,60.0
0.6,50,290,60.0
0.6,50,291,60.0
0.6,50,292,60.0
0.6,50,293,60.0
0.6,50,294,60.0
0.6,50,295,60.0
0.6,50,296,60.0
0.6,50,297,60.0
0.6,50,298,60.0
0.6,50,299,60.0
0.6,50,300,60.0
0.6,50,301,60.0
0.6,50,302,60.0
0.6,50,303,60.0
0.6,50,304,60.0
0.6,50,305,60.0
0.6,50,306,60.0
0.6,50,307,60.0
0.6,50,308,60.0
0.6,50,309,60.0
0.6,50,310,60.0
0.6,50,311,60.0
0.6,50,312,60.0
0.6,50,313,60.0
0.6,50,314,60.0
0.6,50,315,60.0
0.6,50,316,60.0
0.6,50,317,60.0
0.6,50,318,60.0
0.6,50,319,60.0
0.6,50,320,60.0
0.6,50,321,60.0
0.6,50,322,60.0
0.6,50,323,60.0
0.6,50,324,60.0
0.6,50,325,60.0
0.6,50,326,60.0
0.6,50,327,60.0
0.6,50,328,60.0
0.6,50,329,60.0
0.6,50,330,60.0
0.6,50,331,60.0
0.6,50,332,60.0
0.6,50,333,60.0
0.6,50,334,60.0
0.6,50,335,60.0
0.6,50,336,60.0
0.6,50,337,60.0
0.6,50,338,60.0
0.6,50,339,60.0
0.6,50,340,60.0
0.6,50,341,60.0
0.6,50,342,60.0
0.6,50,343,60.0
0.6,50,344,60.0
0.6,50,345,60.0
0.6,50,346,60.0
0.6,50,347,60.0
0.6,50,348,60.0
0.6,50,349,60.0
0.6,50,350,60.0
0.6,50,351,60.0
0.6,50,352,60.0
0.6,50,353,60.0
0.6,50,354,60.0
0.6,50,355,60.0
0.6,50,356,60.0
0.6,50,357,60.0
0.6,50,358,60.0
0.6,50,359,60.0
0.6,50,360,60.0
0.6,50,361,60.0
0.6,50,362,60.0
