diving_J,diving_S,diving_t,greedy_J,greedy_S,greedy_t,lf,nbus,qpdive_J,qpdive_S,qpdive_t,qpround_J,qpround_S,qpround_t,round_J,round_S,round_t,scip_J,scip_S,scip_cert1,scip_cert2,scip_t,seed
0.2098873149896612,0.9996855245911946,0.023996829986572266,0.13317523781725574,0.9996855245911946,0.04725193977355957,1.0,10,0.12705067340624718,0.9996855245911949,0.22593092918395996,0.1391339222922459,0.9996855245911946,0.034188270568847656,0.32282631551230473,0.9996855245911946,0.006257772445678711,0.12705067340624718,0.9996855245911949,True,True,2.180241346359253,0
0.43742769429909356,0.9791666566666661,0.028052806854248047,0.26517945451115543,0.9999999899999998,0.04317498207092285,1.0,10,0.21885273141684122,0.9999999899999998,0.13962411880493164,0.21885273141684122,0.9999999899999998,0.0278317928314209,0.5450793959086769,0.9833333233333331,0.006308078765869141,0.21885273141684122,0.9999999899999998,True,True,0.07169675827026367,1
0.10133551258251683,0.9999999899999998,0.02288818359375,0.12528218856187562,0.9999999899999998,0.04085826873779297,1.0,10,0.07566962773585396,0.9999999899999998,0.2374863624572754,0.07589416624261469,0.9999999899999998,0.030772924423217773,0.11775550445494162,0.9999999899999998,0.0061931610107421875,0.07357703514326139,0.9999999899999998,True,True,0.6232190132141113,2
0.17731799895835992,0.9999999899999998,0.02527141571044922,0.1804624657836807,0.9999999899999998,0.04724884033203125,1.0,10,0.13470708049882876,0.9999999899999997,0.14038801193237305,0.14204601363566213,0.9999999899999998,0.026210308074951172,0.2723623391532529,0.9574999899999999,0.007505655288696289,0.13140820990571161,0.9999999899999998,True,True,0.2557384967803955,3
0.4339043228759803,0.9315656465656563,0.022899627685546875,0.5731119368972263,0.9545292877165013,0.04180145263671875,1.0,10,0.45706774941226763,0.9999999899999998,0.07478618621826172,0.45706774941226763,0.9999999899999998,0.012384653091430664,0.4759459654813831,0.9096842005263156,0.005822420120239258,0.45706774941226763,0.9999999899999998,True,True,0.021419763565063477,4
0.1804612421398038,0.9816501109112892,0.024448633193969727,0.13057673307448234,0.9996913480246912,0.043352603912353516,1.0,10,0.11381268179063897,0.9996913480246912,0.24653911590576172,0.11410570489937666,0.9996913480246912,0.03995251655578613,0.20442898734818493,0.981650110911289,0.005927085876464844,0.11188599288856278,0.9996913480246912,True,True,0.9668853282928467,5
0.10314506676852214,0.9999999899999998,0.023961305618286133,0.08451740838766461,0.9999999899999998,0.04004025459289551,1.0,10,0.07606336111205418,0.9999999899999998,0.28258514404296875,0.07606336111205418,0.9999999899999998,0.037970542907714844,0.128148749407804,0.9999999899999998,0.0057735443115234375,0.07060034343488963,0.9999999899999998,True,True,0.5972895622253418,6
0.32063969051926944,0.9666666566666665,0.02069878578186035,0.5718314658516691,0.9999999899999998,0.04230022430419922,1.0,10,0.36110121577590504,0.9999999899999998,0.039546966552734375,0.36110121577590504,0.9999999899999998,0.008683443069458008,0.41910486715144496,0.8893939293939391,0.0057506561279296875,0.36110121577590504,0.9999999899999998,True,True,0.05520057678222656,7
0.36963475590145584,0.9999999899999998,0.02208733558654785,0.2313105998416749,0.9999999899999998,0.04066205024719238,1.0,10,0.18062481786576104,0.9999999899999998,0.19134140014648438,0.1803047217201835,0.9999999899999998,0.02351069450378418,0.30195875465680955,0.9359615284615384,0.0060577392578125,0.1803047217201835,0.9999999899999998,True,True,0.34979915618896484,8
0.19078653057521333,0.9999999899999998,0.02327895164489746,0.12421325115888264,0.9999999899999998,0.04410505294799805,1.0,10,0.12211281725008992,0.9999999899999998,0.31262850761413574,0.11850902181222729,0.9999999899999998,0.04278445243835449,0.26609208623132447,0.9999999899999998,0.006485700607299805,0.11336000543251915,0.9999999899999998,True,True,0.2425673007965088,9
0.2836238298685579,0.9999999899999998,0.02248978614807129,0.25560147444052034,0.9999999899999997,0.040673255920410156,1.0,10,0.1686375766263463,0.9999999899999998,0.19308996200561523,0.18138131713800892,0.9997668897668996,0.027278423309326172,0.38094052685591007,0.9638132195719844,0.005955696105957031,0.1635633159306842,0.9999999899999998,True,True,0.20365405082702637,10
0.16030964427112343,0.9999999899999998,0.02219676971435547,0.11516156834278765,0.9999999899999998,0.03912091255187988,1.0,10,0.1117674396507999,0.9999999899999998,0.2449653148651123,0.11732943397534029,0.9999999899999998,0.03595280647277832,0.2116863143337345,0.9832684724902723,0.00603032112121582,0.11156439555831314,0.9999999899999998,True,True,0.31000232696533203,11
0.3250398922327804,0.9749999899999997,0.026435136795043945,0.19998580127804616,0.9999999899999998,0.0500338077545166,1.0,10,0.12847477088009537,0.9999999899999998,0.22498726844787598,0.1285652553091611,0.9999999899999998,0.0331270694732666,0.3751955380371604,0.9499999899999997,0.006483793258666992,0.12769590464801434,0.9999999899999998,True,True,0.2661778926849365,12
0.32090393049427046,0.9499999899999997,0.02211165428161621,0.23070548968616103,0.9999999899999998,0.03948831558227539,1.0,10,0.15324967784037652,0.9999999899999998,0.23152375221252441,0.159240498225566,0.9999999899999998,0.034890174865722656,0.33766944999952925,0.9433333233333331,0.006300449371337891,0.1503561589360555,0.9999999899999998,True,True,0.409515380859375,13
0.35360836812664626,0.9519348168839101,0.02326178550720215,0.1999715902475365,0.9999999899999998,0.03994345664978027,1.0,10,0.15157504676238376,0.9999999899999998,0.23846960067749023,0.15074433284192626,0.9999999899999998,0.03401613235473633,0.41910528702949856,0.9002444887775057,0.0059125423431396484,0.15074433284192626,0.9999999899999998,True,True,0.17472481727600098,14
0.3226096449902102,0.9999999899999998,0.022346973419189453,0.1799813207917009,0.9999999899999998,0.039261817932128906,1.0,10,0.14756746837956866,0.9999999899999998,0.1860356330871582,0.14960313192922853,0.9999999899999998,0.027067899703979492,0.3950736712631544,0.9943231341048031,0.006163358688354492,0.1468101319292285,0.9999999899999998,True,True,0.1644287109375,15
0.21614690587762814,0.9999999899999998,0.024373531341552734,0.10305807159603708,0.9999999899999998,0.04419732093811035,1.0,10,0.07229384930524803,0.9999999899999998,0.24347949028015137,0.07229384930524803,0.9999999899999998,0.041673898696899414,0.2873970853708668,0.9833333233333331,0.006594419479370117,0.07159657989406805,0.9999999899999998,True,True,0.20356035232543945,16
0.18677123015348088,0.9999999899999998,0.02230381965637207,0.13675862742739558,0.9999999899999998,0.041483163833618164,1.0,10,0.08018476439610814,0.9999999899999998,0.2525162696838379,0.09261622601416289,0.9999999899999998,0.03380107879638672,0.33327909693447555,0.9999999899999998,0.005471706390380859,0.08018476439610814,0.9999999899999998,True,True,0.7048916816711426,17
0.13451189983299391,0.9999999899999998,0.02179121971130371,0.11684361622331009,0.9999999899999998,0.04168343544006348,1.0,10,0.10641863971079121,0.9999999899999998,0.23084783554077148,0.11899350926607125,0.9999999899999998,0.035126447677612305,0.21185354566611356,0.9733333233333331,0.0062677860260009766,0.0993128612297651,0.9999999899999998,True,True,0.7516670227050781,18
0.29825223942978035,0.9999999899999998,0.023354530334472656,0.23507241455782804,0.9999999899999998,0.04368185997009277,1.0,10,0.22630379299394843,0.9999999899999998,0.0945732593536377,0.22630379299394843,0.9999999899999998,0.017988204956054688,0.32224012791120077,0.9999999899999998,0.006000518798828125,0.22630379299394843,0.9999999899999998,True,True,0.10187149047851562,19
0.3007482386161139,0.9527558955118108,0.025392532348632812,0.15142442705533213,0.9527558955118108,0.04634976387023926,1.2,10,0.1465126815791418,0.9527558955118108,0.23677873611450195,0.15247965224437007,0.9527558955118106,0.0369720458984375,0.4202139707531389,0.9220472340944881,0.006798505783081055,0.14243022712639036,0.9527558955118106,True,True,2.439727783203125,0
0.5410397332426672,0.9374999899999998,0.024116039276123047,0.4427680352250088,0.9883333233333331,0.04147791862487793,1.2,10,0.30398708481057446,0.9883333233333331,0.13074278831481934,0.30398708481057446,0.9883333233333331,0.015599727630615234,0.5082020882240448,0.9116666566666665,0.0062084197998046875,0.30398708481057446,0.9883333233333331,True,True,2.9849038124084473,1
0.19246658617276485,0.9999999899999998,0.024180173873901367,0.14354319972795934,0.9999999899999998,0.04153871536254883,1.2,10,0.10879569727495635,0.9999999899999998,0.24866819381713867,0.14357900501811682,0.9999999899999998,0.032878875732421875,0.3236112996272978,0.9999999899999998,0.006345033645629883,0.10579569727495634,0.9999999899999998,True,True,0.3851594924926758,2
0.2534420204083829,0.9999999899999998,0.025422334671020508,0.25974032235117633,0.9999999899999997,0.042775630950927734,1.2,10,0.1891345955587267,0.9999999899999998,0.14336657524108887,0.21028885330669334,0.9749999899999997,0.01967620849609375,0.44191701937949446,0.9704545354545452,0.007165670394897461,0.1891345955587267,0.9999999899999998,True,True,0.3458399772644043,3
0.5098310443807412,0.9333333233333331,0.024973154067993164,0.6085124586448961,0.8796491128070173,0.048584699630737305,1.2,10,0.5536173291029639,0.9482456040350877,0.0734708309173584,0.5536173291029639,0.9482456040350877,0.009532451629638672,0.47992746256947094,0.856315779473684,0.006170988082885742,0.5536173291029639,0.9482456040350877,True,True,3.9750609397888184,4
0.14463804702680494,0.9435566910309277,0.021477222442626953,0.14705060572476256,0.9435566910309277,0.04056119918823242,1.2,10,0.12644592751359482,0.9435566910309274,0.28778648376464844,0.1286370483862789,0.9435566910309277,0.04627037048339844,0.23193813518332473,0.9435566910309277,0.0060498714447021484,0.12420416928000784,0.9435566910309277,True,True,2.7831132411956787,5
0.1687492041817774,0.9999999899999998,0.022429704666137695,0.1196007876703843,0.9999999899999998,0.04241800308227539,1.2,10,0.108956773112458,0.9999999899999998,0.2594625949859619,0.11041849952096527,0.9999999899999998,0.04228401184082031,0.24530206507419697,0.9888888788888887,0.006070613861083984,0.10166449454624107,0.9999999899999998,True,True,0.4496927261352539,6
0.640092935319417,0.9691919091919191,0.021044492721557617,0.6083842787613702,0.9606060506060604,0.04020094871520996,1.2,10,0.4755484085059664,0.9525252425252523,0.0362699031829834,0.39606561394988116,0.9444444344444444,0.008352518081665039,0.6332841096855246,0.9439393839393937,0.005845546722412109,0.5984014306506975,0.9999999899999998,True,True,0.04516458511352539,7
0.3270512020533193,0.9583333233333329,0.022888898849487305,0.25211964322905595,0.9583333233333331,0.04245138168334961,1.2,10,0.2183783382925241,0.9583333233333331,0.20391583442687988,0.21853862554752942,0.9583333233333331,0.029426097869873047,0.43060854618352573,0.9314102464102563,0.006139039993286133,0.2183783382925241,0.9583333233333331,True,True,2.5368921756744385,8
0.263168243708557,0.9999999899999998,0.02172064781188965,0.17214467966252944,0.9999999899999998,0.040549516677856445,1.2,10,0.17584245684012945,0.9999999899999998,0.229048490524292,0.17401922648324836,0.9999999899999998,0.036983489990234375,0.3054487461176282,0.9466666566666664,0.005771160125732422,0.16323840782282756,0.9999999899999998,True,True,0.3820333480834961,9
0.5017543016461042,0.9999999899999998,0.022696733474731445,0.4127869314034627,0.9999999899999997,0.03940534591674805,1.2,10,0.24267611379491766,0.9999999899999998,0.1831963062286377,0.23906466808382068,0.9999999899999998,0.021983861923217773,0.4643127077093522,0.943998683515862,0.0059587955474853516,0.23541637523116266,0.9999999899999998,True,True,0.3963747024536133,10
0.23536220502356936,0.9223300870873784,0.024463176727294922,0.13864999890767207,0.9223300870873785,0.040312767028808594,1.2,10,0.13375918645569793,0.9223300870873785,0.17674541473388672,0.1398173742933393,0.9223300870873784,0.029010534286499023,0.2998002608891659,0.9208240364407588,0.006272077560424805,0.13347389403708243,0.9223300870873785,True,True,4.652706623077393,11
0.36147809574344913,0.9791666566666665,0.022824525833129883,0.2939683486460404,0.9999999899999998,0.0391542911529541,1.2,10,0.1842694724700833,0.9999999899999998,0.1750020980834961,0.1852017508833966,0.9999999899999998,0.028580665588378906,0.4028624829644704,0.8999999899999997,0.0058553218841552734,0.18395267245693808,0.9999999899999998,True,True,0.22496771812438965,12
0.31116614936484904,0.9483333233333331,0.023099660873413086,0.36463618240226325,0.9999999899999998,0.03982663154602051,1.2,10,0.2234729857781483,0.9999999899999998,0.19686365127563477,0.22651286775680882,0.9999999899999998,0.030719518661499023,0.3654786457943168,0.95999999,0.006417989730834961,0.2165128688679199,0.9999999899999998,True,True,0.4031705856323242,13
0.42230011540576645,0.9999999899999998,0.02224278450012207,0.28832466386186006,0.9999999899999998,0.040273427963256836,1.2,10,0.21868410293873985,0.9999999899999998,0.2236328125,0.2174770388727014,0.9999999899999998,0.024651050567626953,0.4256684832810005,0.9032586458044805,0.005830049514770508,0.2174770388727014,0.9999999899999998,True,True,0.19055962562561035,14
0.41676067683610535,0.9916058294160581,0.022076845169067383,0.25984350480860224,0.9999999899999997,0.039723873138427734,1.2,10,0.21315984953244413,0.9999999899999998,0.17473411560058594,0.21686389462680564,0.9999999899999998,0.02336883544921875,0.552006140273025,0.9763809545236348,0.0056858062744140625,0.21207329507672265,0.9999999899999998,True,True,0.4929325580596924,15
0.31452646713254956,0.9999999899999998,0.023939132690429688,0.1493938773187847,0.9999999899999998,0.04560089111328125,1.2,10,0.10410314299955714,0.9999999899999998,0.21304941177368164,0.10410314299955714,0.9999999899999998,0.043503761291503906,0.3131277184266826,0.9999999899999998,0.006234884262084961,0.10309907504745797,0.9999999899999998,True,True,0.25780725479125977,16
0.18661954291201507,0.9999999899999998,0.02307271957397461,0.19693242349544962,0.9999999899999998,0.04036831855773926,1.2,10,0.11546606073039574,0.9999999899999998,0.24478960037231445,0.1333673654603946,0.9999999899999998,0.035454511642456055,0.3300561193737584,0.9499999899999999,0.00694584846496582,0.11546606073039574,0.9999999899999998,True,True,0.512418270111084,17
0.24115545841380642,0.9870370270370368,0.02471923828125,0.1910719350096095,0.9999999899999998,0.042299509048461914,1.2,10,0.14832659509930687,0.9999999899999998,0.21224737167358398,0.1713506533431426,0.9999999899999998,0.03551340103149414,0.2722480093264599,0.9999999899999998,0.006119966506958008,0.14301052017086174,0.9999999899999998,True,True,1.1257658004760742,18
0.31053810029949036,0.9537036937037033,0.02329564094543457,0.24578738283698745,0.9537036937037036,0.04529452323913574,1.2,10,0.23904519674665714,0.9537036937037036,0.12630987167358398,0.23904519674665714,0.9537036937037036,0.07799482345581055,0.3408995037533434,0.9537036937037036,0.006276845932006836,0.23904519674665714,0.9537036937037036,True,True,1.6801176071166992,19
0.4589833094781358,0.8989495698319325,0.02326369285583496,0.19535059699783203,0.9056722589075628,0.04092812538146973,1.5,10,0.1704177897931929,0.9056722589075628,0.19488167762756348,0.19289024380767367,0.9056722589075628,0.03351593017578125,0.5265200227872113,0.8720450548773362,0.006709098815917969,0.1704177897931929,0.9056722589075628,True,True,2.32848858833313,0
0.5207960325963639,0.8911111011111108,0.027080774307250977,0.5202647074428726,0.8916666566666663,0.04709124565124512,1.5,10,0.3514374367965537,0.9133333233333332,0.11036515235900879,0.3514374367965537,0.9133333233333332,0.0152435302734375,0.5739438805384534,0.9105555455555553,0.00713658332824707,0.44342439503435926,0.9466666566666662,True,True,3.5474021434783936,1
0.4120806732307026,0.9999999899999998,0.022132396697998047,0.22421805229830666,0.9999999899999998,0.03875541687011719,1.5,10,0.1768602891862544,0.9999999899999998,0.1910710334777832,0.17463403486494763,0.9505928753754939,0.033312082290649414,0.43099953445229355,0.9712087979144932,0.005903482437133789,0.16527035433473486,0.9999999899999998,True,True,0.4113197326660156,2
0.4801008937996342,0.9939393839393939,0.022180557250976562,0.3607476174102345,0.9863636263636362,0.039002418518066406,1.5,10,0.29191435900291635,0.9833333233333331,0.12354016304016113,0.2663079181131373,0.9166666566666665,0.017986774444580078,0.465502238184227,0.9106060506060603,0.005883693695068359,0.2955228055605104,0.9999999899999997,True,True,0.3222315311431885,3
0.636882555819156,0.8617357688410415,0.021646499633789062,0.7106048481867915,0.8062004730485018,0.041181087493896484,1.5,10,0.6325798986747044,0.8491575303154348,0.04552745819091797,0.6325798986747044,0.8491575303154348,0.008654594421386719,0.5502443614422945,0.7632007687315296,0.005472421646118164,0.6431683929261296,0.8639996355785927,True,True,8.861444234848022,4
0.2918527766838181,0.8868041137113402,0.022244930267333984,0.16063594387435856,0.8868041137113402,0.04545283317565918,1.5,10,0.1524129862791364,0.8868041137113402,0.26588869094848633,0.15493873270964464,0.8868041137113399,0.0381927490234375,0.2683002724901978,0.8747766223024053,0.0056705474853515625,0.14944834705981766,0.8868041137113402,True,True,5.177841663360596,5
0.278080738645766,0.9611111011111108,0.025639057159423828,0.19064832290517697,0.9999999899999998,0.03952383995056152,1.5,10,0.17114256250212198,0.9999999899999998,0.26917314529418945,0.1757105511962111,0.9999999899999998,0.0395660400390625,0.21922654040140138,0.9411111011111108,0.006470203399658203,0.1588507727285017,0.9999999899999998,True,True,0.6689939498901367,6
0.6853859275990559,0.9344189367490436,0.020823001861572266,0.652619659408799,0.9036669010459214,0.04253053665161133,1.5,10,0.696405661794692,0.9325978128890849,0.03194475173950195,0.696405661794692,0.9325978128890849,0.007009029388427734,0.6899034164570639,0.9158301361214078,0.005667686462402344,0.6853859275990559,0.9344189367490436,True,True,2.5291430950164795,7
0.41609178483416137,0.9166666566666665,0.022644996643066406,0.33143238967338806,0.9166666566666665,0.04220890998840332,1.5,10,0.28460003858136285,0.9166666566666665,0.16824674606323242,0.2727128487552634,0.9012820412820511,0.027376174926757812,0.408480786595823,0.8694871694871795,0.005818367004394531,0.28460003858136285,0.9166666566666665,True,True,3.208937644958496,8
0.44812594787690035,0.9788888788888889,0.027394771575927734,0.26897606197270213,0.9999999899999998,0.04274749755859375,1.5,10,0.2747538388127022,0.9999999899999998,0.23578143119812012,0.26351590757995363,0.9855555455555554,0.03865170478820801,0.3782681699627864,0.9266666566666665,0.007032871246337891,0.25506001222316804,0.9999999899999998,True,True,0.34871745109558105,9
0.515737664123173,0.9010073464859918,0.023459672927856445,0.5803657254481751,0.9918287837743189,0.04092550277709961,1.5,10,0.3463714931295412,0.9755831937325038,0.16690826416015625,0.3463714931295412,0.9755831937325038,0.022255659103393555,0.5982323633534414,0.9401061679375777,0.0067441463470458984,0.3735192623232801,0.9999999899999998,True,True,0.4854123592376709,10
0.2261625192316951,0.8336448498130838,0.02602839469909668,0.16883240806894542,0.8336448498130838,0.04622507095336914,1.5,10,0.1551138884369906,0.8336448498130838,0.18163347244262695,0.1583856858792494,0.8336448498130841,0.028188705444335938,0.24065872495043697,0.8336448498130841,0.006409645080566406,0.15495221050868382,0.8336448498130838,True,True,8.06443166732788,11
0.42736877638275816,0.9499999899999999,0.022695541381835938,0.37905174511490386,0.9833333233333331,0.0399937629699707,1.5,10,0.25014123003111527,0.9666666566666665,0.1363060474395752,0.25014123003111527,0.9666666566666665,0.024613618850708008,0.4619374160051523,0.9499999899999997,0.005792856216430664,0.37834540400395966,0.9999999899999998,True,True,0.3240954875946045,12
0.3817396565310442,0.9566666566666664,0.022226333618164062,0.5323737977812235,0.9777777677777774,0.04026985168457031,1.5,10,0.31177863565731223,0.9755555455555553,0.1601252555847168,0.2833585605305951,0.9488888788888886,0.028582096099853516,0.4006028825983515,0.8911111011111107,0.005864143371582031,0.4077244783241928,0.9999999899999998,True,True,0.3852527141571045,13
0.5148320859988728,0.9755700225732896,0.023270606994628906,0.3415067021382133,0.9755700225732898,0.04250979423522949,1.5,10,0.3393688763719066,0.9999999899999998,0.18318581581115723,0.3393688763719066,0.9999999899999998,0.02416086196899414,0.5152863625228343,0.9036684682608694,0.005713224411010742,0.3393688763719066,0.9999999899999998,True,True,0.3435676097869873,14
0.48177821745596744,0.9664722932069969,0.022095203399658203,0.3717149861999533,0.979008736355685,0.04069256782531738,1.5,10,0.3315475366950735,0.9999999899999998,0.15151762962341309,0.29006929130037645,0.9548950948951047,0.021204233169555664,0.6030651026885601,0.9664141880468506,0.005677700042724609,0.3315475366950735,0.9999999899999998,True,True,0.45699167251586914,15
0.3716407048667016,0.9999999899999998,0.023033618927001953,0.2177506826468434,0.9999999899999998,0.03945207595825195,1.5,10,0.16109230476165307,0.9999999899999998,0.18841004371643066,0.17080625017960444,0.9999999899999998,0.030057191848754883,0.5108350403661087,0.9888888788888887,0.0059909820556640625,0.16109230476165307,0.9999999899999998,True,True,0.33533620834350586,16
0.34784698579427464,0.9933333233333332,0.021948814392089844,0.27463941727943697,0.9999999899999998,0.04087519645690918,1.5,10,0.18041571989124333,0.9999999899999998,0.19984936714172363,0.1924906279794787,0.9999999899999998,0.028168439865112305,0.44484919035561293,0.9177777677777776,0.00601506233215332,0.18041571989124333,0.9999999899999998,True,True,0.7741656303405762,17
0.4318694489709665,0.9888888788888887,0.022230148315429688,0.2662681473631924,0.9999999899999998,0.039754629135131836,1.5,10,0.2393565193772599,0.9999999899999998,0.17440271377563477,0.23844013709350176,0.9999999899999998,0.028632640838623047,0.4811734982576495,0.9925925825925924,0.00574040412902832,0.22338260239947702,0.9999999899999998,True,True,1.1911695003509521,18
0.27607754778176136,0.8796296196296296,0.021677017211914062,0.21913795900118663,0.8796296196296295,0.04155921936035156,1.5,10,0.20485874014286323,0.8796296196296296,0.10741114616394043,0.20485874014286323,0.8796296196296296,0.016611099243164062,0.3162504613985948,0.8796296196296295,0.005532503128051758,0.20485874014286323,0.8796296196296296,True,True,2.830864429473877,19
0.3963745507104501,0.9999999900000003,0.04938793182373047,0.18065894355892392,0.9999999900000003,0.07942724227905273,1.0,20,0.16496854908803701,0.9999999900000003,1.7370078563690186,0.1651209100190562,0.9999999900000003,0.12246131896972656,0.3885176085331631,0.9879629529629632,0.007129669189453125,0.1627295622128735,0.9999999900000003,True,True,0.6024634838104248,0
0.7253756536325289,0.9884374900000003,0.050533294677734375,0.4970390594926838,0.9999999900000003,0.07642221450805664,1.0,20,0.34023392055320173,0.9999999900000003,1.148313283920288,0.34023392055320173,0.9999999900000003,0.06836748123168945,0.6952647480273448,0.9946874900000002,0.006859302520751953,0.34023392055320173,0.9999999900000003,True,True,0.10809636116027832,1
0.40126619387270535,0.9923487444483987,0.05194211006164551,0.2576542710565193,0.9999999900000003,0.0832204818725586,1.0,20,0.1685087802401556,0.9999999900000003,1.9121425151824951,0.19756567324529717,0.9961538361538462,0.13712501525878906,0.6720248284727213,0.9633563345101906,0.006937742233276367,0.16463671436064595,0.9999999900000003,True,True,0.514531135559082,2
0.4373232326452897,0.9999999900000003,0.050670623779296875,0.21676036934808354,0.9999999900000003,0.07737898826599121,1.0,20,0.1597356179970432,0.9999999900000003,1.9904911518096924,0.1597356179970432,0.9999999900000003,0.11381697654724121,0.49739297142687516,0.9854330608661419,0.006878852844238281,0.15857962301957293,0.9999999900000003,True,True,0.6265714168548584,3
0.640598146526465,0.9735834144639968,0.05423307418823242,0.5944486127650087,0.9658227748101268,0.08269119262695312,1.0,20,0.2790165815429738,0.9999999900000003,1.2882399559020996,0.2790165815429738,0.9999999900000003,0.0631399154663086,0.6105422012875447,0.9532616603502777,0.007911205291748047,0.2790165815429738,0.9999999900000003,True,True,0.15622591972351074,4
0.3170698004127014,0.9999999900000003,0.051772356033325195,0.21936434381154413,0.9999999900000003,0.07995748519897461,1.0,20,0.1627846686341354,0.9999999900000003,3.07806396484375,0.1627846686341354,0.9999999900000003,0.19156765937805176,0.32112335567659367,0.9780302930303033,0.007093667984008789,0.1615386682782894,0.9999999900000003,True,True,0.33270883560180664,5
0.10179111504057806,0.9999999900000003,0.04987525939941406,0.07840457001527526,0.9999999900000003,0.08420538902282715,1.0,20,0.06334615902210909,0.9999999900000003,3.027219772338867,0.06995220491083909,0.9999999900000003,0.18666529655456543,0.15885556754695362,0.9837036937037039,0.007859945297241211,0.06312818450865938,0.9999999900000003,True,True,2.1571035385131836,6
0.4655603879657296,0.9999999900000003,0.04230165481567383,0.35436164964282973,0.9999999900000003,0.08400249481201172,1.0,20,0.3354903667644188,0.9999999900000003,0.1498875617980957,0.34040254473198217,0.9999999900000003,0.014522314071655273,0.5539897973622515,0.9828218667048555,0.007868051528930664,0.3342487891498207,0.9999999900000003,True,True,0.10710501670837402,7
0.43759798097405883,0.9999999900000003,0.049013614654541016,0.22907267564860326,0.9999999900000003,0.08071446418762207,1.0,20,0.19528848106437557,0.9999999900000003,1.718764066696167,0.19592943784867317,0.9999999900000003,0.0986170768737793,0.45155410796178036,0.9999999900000001,0.0067081451416015625,0.19528848106437557,0.9999999900000003,True,True,0.2854290008544922,8
0.18539323096691562,0.9999999900000003,0.0485532283782959,0.13617427890923842,0.9999999900000003,0.08606719970703125,1.0,20,0.12187198405063564,0.9999999900000003,2.1390669345855713,0.11943341388287979,0.9999999900000003,0.11995434761047363,0.21175898516086455,0.9999999900000003,0.006537437438964844,0.1192249209469374,0.9999999900000003,True,True,0.9260118007659912,9
0.424666643589458,0.9999999900000003,0.049475908279418945,0.35589131186025846,0.9999999900000001,0.07817888259887695,1.0,20,0.24277428837515477,0.9999999900000003,1.4645280838012695,0.25848504172370873,0.9999999900000003,0.09123086929321289,0.47905345815529427,0.98999999,0.006650686264038086,0.24276870280644774,0.9999999900000003,True,True,0.17669105529785156,10
0.2062991220732605,0.9999999900000003,0.04690122604370117,0.13054767845792445,0.9999999900000003,0.07848548889160156,1.0,20,0.11962919640539607,0.9999999900000003,2.1628940105438232,0.12339441868375917,0.9999999900000003,0.14036321640014648,0.2162828673420333,0.9999999900000003,0.006325960159301758,0.11955228664465069,0.9999999900000003,True,True,0.8599376678466797,11
0.21114497120160625,0.9999999900000001,0.04828143119812012,0.1424626183966699,0.9999999900000003,0.08092641830444336,1.0,20,0.12040490888983348,0.9999999900000003,2.5997090339660645,0.12103248632885984,0.9999999900000003,0.1519308090209961,0.27530789635418773,0.9999999900000003,0.006553173065185547,0.11999105446313969,0.9999999900000003,True,True,0.7020564079284668,12
0.5340735655950333,0.9998800859232615,0.04912257194519043,0.5182586709507845,0.9998800859232615,0.07975220680236816,1.0,20,0.3295150310743449,0.9998800859232615,2.1238865852355957,0.33175747848556325,0.9998800859232615,0.12583255767822266,0.5169157078053002,0.9659232513908872,0.007418632507324219,0.3322604159785271,0.9998800859232615,False,True,18.39889097213745,13
0.31813794316851307,0.9999999900000003,0.04944467544555664,0.22302921912703536,0.9999999900000003,0.08688569068908691,1.0,20,0.15971739984757893,0.9999999900000003,2.6264712810516357,0.16388810544774968,0.9999999900000003,0.18362069129943848,0.4737344480731891,0.9663793003448277,0.006562709808349609,0.15971739984757893,0.9999999900000003,True,True,0.43564939498901367,14
0.4653111324619024,0.9914999900000001,0.05237698554992676,0.32457534608271976,0.9999999900000003,0.08801817893981934,1.0,20,0.2427710367643413,0.9999999900000003,1.199622631072998,0.2427710367643413,0.9999999900000003,0.08846521377563477,0.5238806526346113,0.9895703492814372,0.008132457733154297,0.23963784295860946,0.9999999900000003,True,True,0.31800127029418945,15
0.3654458218652776,0.9999999900000003,0.05453920364379883,0.2501380301091513,0.9999999900000003,0.08628392219543457,1.0,20,0.19703077096273042,0.9999999900000003,2.1101431846618652,0.1956573880016396,0.9999999900000003,0.14532160758972168,0.46847335753576086,0.9925531814893619,0.007293701171875,0.19538495429199937,0.9999999900000003,True,True,0.8023488521575928,16
0.2849368764241569,0.9756369326751596,0.048854827880859375,0.20986914958705286,0.9999999900000003,0.07848453521728516,1.0,20,0.11575320884841837,0.9999999900000003,2.644562005996704,0.11694113313550418,0.9999999900000003,0.1480100154876709,0.3336579652147967,0.9885350218471339,0.00682830810546875,0.11494190431248094,0.9999999900000003,True,True,0.33724212646484375,17
0.1695370757552458,0.9999999900000003,0.047086477279663086,0.12176821765106073,0.9999999900000003,0.0809164047241211,1.0,20,0.08499115081222088,0.9999999900000003,2.5077030658721924,0.08851122602070073,0.9999999900000003,0.17356634140014648,0.2178567506738874,0.9807017443859651,0.007100820541381836,0.0845270079804178,0.9999999900000003,True,True,0.9398946762084961,18
0.27010227277140514,0.9752403746153847,0.04996466636657715,0.23235032752785392,0.9999999900000003,0.08160591125488281,1.0,20,0.2135477861730902,0.9999999900000003,1.1072256565093994,0.21425588660098827,0.9999999900000003,0.08256006240844727,0.34725901752223676,0.9999999900000003,0.00700068473815918,0.21267645799951998,0.9999999900000003,True,True,0.42571043968200684,19
0.4400108834552666,0.9654440054440154,0.049179792404174805,0.2211519862002004,0.9654440054440157,0.07960939407348633,1.2,20,0.1970403931071818,0.9654440054440157,1.933784008026123,0.19945228291438358,0.9654440054440157,0.11385822296142578,0.4007547322220592,0.9638996038996142,0.007184028625488281,0.19592301305899637,0.9654440054440154,True,True,4.642127752304077,0
0.6605079028527694,0.9560937400000002,0.05121898651123047,0.49160588263866006,0.9677083233333338,0.07943868637084961,1.2,20,0.4204537401233876,0.9677083233333337,0.9078776836395264,0.4204537401233876,0.9677083233333337,0.05424904823303223,0.6699492700740804,0.921354156666667,0.008142948150634766,0.4204537401233876,0.9677083233333337,False,True,19.848241090774536,1
0.4479340204947416,0.9999999900000003,0.05628180503845215,0.29544629104369213,0.9999999900000003,0.08243036270141602,1.2,20,0.24236948072481926,0.9999999900000003,1.67453932762146,0.23916047401745147,0.969135792469136,0.13203024864196777,0.6741790825719713,0.9438008520059903,0.007252216339111328,0.23714233703010504,0.9999999900000001,True,True,0.9302234649658203,2
0.5758174871254589,0.9999999900000003,0.052060604095458984,0.33857866067472103,0.9999999900000003,0.0766289234161377,1.2,20,0.22970770033301643,0.9999999900000003,1.880732536315918,0.24007798292677116,0.9999999900000003,0.12193417549133301,0.5844315584378494,0.9719672031147543,0.007368326187133789,0.22805149768891625,0.9999999900000003,True,True,0.2873082160949707,3
0.6385822386569279,0.9713132312142314,0.05105781555175781,0.48712692725440904,0.9684696469920846,0.08130097389221191,1.2,20,0.399492513867209,0.9983516383516484,1.152308702468872,0.399492513867209,0.9983516383516484,0.05160069465637207,0.666319688227578,0.9532694382298704,0.00696873664855957,0.406303396993412,0.9999999900000003,True,True,0.11618423461914062,4
0.36039099460903806,0.9666666566666668,0.053945302963256836,0.28291724899118226,0.9666666566666671,0.09239816665649414,1.2,20,0.19387919633035136,0.9666666566666671,2.7133798599243164,0.19387919633035136,0.9666666566666671,0.16986680030822754,0.45228524300862094,0.958838373838384,0.007222890853881836,0.19387919633035136,0.9666666566666671,True,True,11.091032028198242,5
0.13836608183424876,0.9999999900000003,0.051021575927734375,0.11556593856664465,0.9999999900000003,0.08569908142089844,1.2,20,0.09248314612129206,0.9999999900000003,2.491245985031128,0.10008982724009302,0.9999999900000003,0.17485857009887695,0.16339025704536403,0.9999999900000003,0.006663322448730469,0.09111310016650484,0.9999999900000003,True,True,2.9245917797088623,6
0.6321931038208669,0.9919999900000003,0.0418705940246582,0.5048631631240699,0.9999999900000003,0.08159017562866211,1.2,20,0.4885173572326747,0.9999999900000003,0.11822319030761719,0.4112850790222507,0.9724444344444446,0.010395526885986328,0.5737094992590921,0.9864444344444447,0.007064342498779297,0.4885173572326747,0.9999999900000003,True,True,0.09847044944763184,7
0.5126995746803719,0.963888878888889,0.05245184898376465,0.28901799458980115,0.963888878888889,0.08418679237365723,1.2,20,0.23354917613105725,0.963888878888889,1.3776540756225586,0.23713289870365908,0.9638888788888892,0.08174443244934082,0.48724617915039525,0.9611111011111113,0.007776737213134766,0.23292095503815038,0.963888878888889,True,True,4.180736541748047,8
0.2594339022702115,0.9999999900000003,0.04920840263366699,0.18537777332257813,0.9999999900000003,0.07916450500488281,1.2,20,0.17287817880861656,0.9999999900000003,2.006741523742676,0.1767091087195695,0.9999999900000001,0.1133124828338623,0.3566518409001322,0.9780632311067194,0.0072994232177734375,0.17212941450009075,0.9999999900000003,True,True,0.7837362289428711,9
0.6137604664382074,0.9855555455555557,0.05137777328491211,0.5327783381184145,0.9933333233333335,0.07817316055297852,1.2,20,0.35652779278443886,0.9999999900000003,1.2326440811157227,0.2858564593963275,0.9599999900000002,0.09169459342956543,0.584173309593758,0.9538888788888888,0.0068209171295166016,0.3497250086710953,0.9999999900000003,True,True,0.33603501319885254,10
0.25006342323855263,0.9420454445454546,0.0475926399230957,0.1597326807456623,0.9420454445454547,0.08058571815490723,1.2,20,0.14434994324570385,0.9420454445454547,1.69516921043396,0.15360783733176372,0.9420454445454546,0.13297796249389648,0.2489030828254973,0.9420454445454546,0.0067408084869384766,0.14247344203070444,0.9420454445454547,False,False,30.03237509727478,11
0.40619977429450893,0.9999999900000003,0.05154538154602051,0.20269905912456856,0.9999999900000003,0.09758496284484863,1.2,20,0.1734074916555448,0.9999999900000003,2.366799831390381,0.1743093905571785,0.9999999900000003,0.15659141540527344,0.3712134162092085,0.9927135578391961,0.007666587829589844,0.1728157107415704,0.9999999900000003,True,True,0.917050838470459,12
0.609204175822456,0.9566666566666668,0.05051994323730469,0.5654311781834682,0.9316666566666669,0.08553862571716309,1.2,20,0.4313337839418334,0.9799999900000002,2.0849812030792236,0.3742015709946151,0.9433333233333334,0.1429276466369629,0.6826683312332317,0.9699999900000001,0.0074329376220703125,0.4280836520709065,0.9799999900000002,True,True,12.179773092269897,13
0.4184081602445741,0.9885775762068967,0.058691978454589844,0.30624426990309267,0.9999999900000003,0.0888068675994873,1.2,20,0.23144386039632886,0.9999999900000003,2.560961961746216,0.23549039872948668,0.9999999900000003,0.1850278377532959,0.5151001987238957,0.9939655072413794,0.00804448127746582,0.229554412106234,0.9999999900000003,True,True,0.6329250335693359,14
0.6526321122422116,0.9916666566666669,0.05541849136352539,0.3791841925645803,0.9958333233333334,0.08274221420288086,1.2,20,0.33154321000570447,0.9874999900000001,1.0612666606903076,0.33154321000570447,0.9874999900000001,0.07145309448242188,0.5733765492501356,0.9999999900000003,0.007416248321533203,0.34462511822758407,0.9999999900000003,True,True,0.8926441669464111,15
0.4502322865628759,0.9503545999290782,0.05538010597229004,0.31089064764618757,0.9773049545390073,0.08376717567443848,1.2,20,0.24177500473226937,0.9773049545390073,1.9512808322906494,0.25458954989467697,0.9773049545390073,0.1345078945159912,0.5739544305658464,0.973262401347518,0.0070209503173828125,0.24177500473226937,0.9773049545390073,True,True,14.737604141235352,16
0.39333072579205747,0.9999999900000003,0.051035404205322266,0.26951654288384247,0.9999999900000003,0.07818961143493652,1.2,20,0.16811719325666916,0.9999999900000003,2.2877702713012695,0.16774279103427422,0.9999999900000003,0.13483738899230957,0.530356932024103,0.9656162784995523,0.007542848587036133,0.16527178727542874,0.9999999900000003,True,True,0.3883686065673828,17
0.19246971825504777,0.9999999900000003,0.051993608474731445,0.16276763301549074,0.9999999900000003,0.08812785148620605,1.2,20,0.122699492661869,0.9999999900000003,2.686494827270508,0.12613230122330685,0.9999999900000003,0.19318103790283203,0.34607082298780445,0.9999999900000003,0.0077860355377197266,0.12143387072789376,0.9999999900000003,True,True,1.2999725341796875,18
0.37386124003121973,0.9638554116867472,0.04828000068664551,0.25653484526190723,0.9638554116867472,0.08841371536254883,1.2,20,0.22837914399516204,0.9638554116867472,0.9730069637298584,0.2304144401597428,0.9638554116867472,0.0694117546081543,0.3737185783001202,0.9638554116867472,0.006578683853149414,0.22815977537625495,0.9638554116867472,True,True,2.917642116546631,19
0.3837498904371867,0.9305555455555556,0.05333900451660156,0.2954181881730024,0.9305555455555558,0.08558893203735352,1.5,20,0.258526650591229,0.9305555455555558,1.6378450393676758,0.26686091541436463,0.9305555455555556,0.1137697696685791,0.5798405408432894,0.918395051728395,0.00753021240234375,0.2566145791905102,0.9305555455555556,True,True,10.925352334976196,0
0.8143434713086731,0.9124999900000003,0.05223345756530762,0.6107776082009361,0.9208333233333337,0.07886314392089844,1.5,20,0.5319589756094593,0.9208333233333337,0.9637219905853271,0.5319589756094593,0.9208333233333337,0.07113432884216309,0.9286255614874037,0.8941666566666665,0.007338523864746094,0.531847428951373,0.9208333233333337,False,True,23.976438522338867,1
0.519189837819397,0.9982213338735179,0.05484962463378906,0.46169264788625114,0.9999999900000003,0.08020424842834473,1.5,20,0.37057792061631667,0.9999999900000003,1.6489291191101074,0.36131726557060495,0.9889327963241108,0.11112642288208008,0.6697735889952993,0.9415019662845852,0.007461071014404297,0.3705779206163166,0.9999999900000003,True,True,1.0484764575958252,2
0.5346625932109556,0.9684674962304909,0.05594754219055176,0.43946694256151864,0.9591863417060369,0.08807015419006348,1.5,20,0.3555191438454024,0.9999999900000003,1.6347644329071045,0.32921218453589846,0.9695537957742782,0.10203933715820312,0.6161908862700717,0.9606299112598427,0.008483171463012695,0.3555191438454024,0.9999999900000003,True,True,0.7106363773345947,3
0.6549488336002133,0.9629401308450707,0.05027890205383301,0.670237317359378,0.9320568761719127,0.08287668228149414,1.5,20,0.5856052490074858,0.9736942001155748,0.5187904834747314,0.5808420176444179,0.9736942001155746,0.035056352615356445,0.6758600984829625,0.9714054677212085,0.006952047348022461,0.6088741350239613,0.9817968018990826,True,True,9.444857358932495,4
0.4563803359558235,0.9333737764077672,0.0536494255065918,0.30706288973740176,0.9333737764077672,0.09290099143981934,1.5,20,0.2537633776505439,0.9333737764077672,2.6116576194763184,0.2537633776505439,0.9333737764077672,0.1842503547668457,0.5601311680031905,0.8922626652966562,0.007094383239746094,0.25376337765054385,0.9333737764077672,True,True,16.651533126831055,5
0.24872197963094436,0.9999999900000003,0.04787182807922363,0.18110093881754075,0.9999999900000003,0.07841634750366211,1.5,20,0.14359213135165153,0.9999999900000003,2.393659830093384,0.1565257173701271,0.9999999900000003,0.14523935317993164,0.2759215166977364,0.9977722672277232,0.00674891471862793,0.14166764481624705,0.9999999900000003,True,True,3.2508435249328613,6
0.7338862350322597,0.9468564550059281,0.04121279716491699,0.6513787549990432,0.9467971430249111,0.08353281021118164,1.5,20,0.5969466573985197,0.9457295273665481,0.11141681671142578,0.5969466573985197,0.9457295273665481,0.010798215866088867,0.7142297073296795,0.9507079317221768,0.0066602230072021484,0.6800261838062591,0.9637010576156586,True,True,3.1745829582214355,7
0.5857885545610355,0.9194444344444446,0.05313229560852051,0.5390811676389793,0.9277777677777779,0.08722257614135742,1.5,20,0.3049499589016221,0.9277777677777778,1.2088277339935303,0.3049499589016221,0.9277777677777778,0.08589363098144531,0.5803547301100337,0.913888878888889,0.007421255111694336,0.3046516706830452,0.9277777677777779,True,True,11.260791778564453,8
0.40309746473311414,0.973862753434755,0.05315971374511719,0.28047130667941794,0.9937994622955146,0.08242297172546387,1.5,20,0.26115185998709345,0.9937994622955145,2.034454822540283,0.269004169859492,0.9937994622955146,0.1354513168334961,0.42272821498234003,0.965711452450593,0.007427215576171875,0.2598525274665083,0.9937994622955145,True,True,5.830633878707886,9
0.624224683221242,0.9317953219321037,0.05844855308532715,0.6166108754095379,0.9254565278496436,0.09131526947021484,1.5,20,0.5043763646155194,0.9661403734917936,0.9589474201202393,0.48249844180272217,0.9311190515301732,0.07389616966247559,0.6464225761292428,0.9344391313547415,0.0075871944427490234,0.5398512260483295,0.9859274953304906,True,True,11.016345500946045,10
0.23746186571850347,0.8727272627272727,0.0526585578918457,0.19503322550302188,0.8727272627272729,0.10332560539245605,1.5,20,0.16723085427554701,0.8727272627272729,1.9275643825531006,0.17439277647704418,0.8727272627272727,0.15911412239074707,0.327687981803076,0.8727272627272727,0.008237838745117188,0.051128963416880155,0.24999999,False,False,30.03130054473877,11
0.4579852220839013,0.9999999900000003,0.050154924392700195,0.355106469521727,0.9999999900000003,0.08269357681274414,1.5,20,0.26994551206626877,0.9999999900000003,2.2447099685668945,0.26994551206626877,0.9999999900000003,0.1592409610748291,0.5314312526156197,0.9585349362365593,0.007959365844726562,0.269023044490766,0.9999999900000003,True,True,0.6431612968444824,12
0.6991973447561965,0.93599999,0.05296444892883301,0.7223860932644669,0.8596666566666666,0.09030437469482422,1.5,20,0.6005100728586554,0.9306666566666666,1.0440280437469482,0.5292336981842755,0.9079999900000001,0.07488751411437988,0.7134604432961904,0.9106666566666668,0.0075681209564208984,0.16329961386193365,0.19399998999999998,False,False,30.034435749053955,13
0.4897459173587575,0.9951724037931037,0.057962894439697266,0.4469158992018047,0.9968965417241382,0.09398126602172852,1.5,20,0.3540335744176568,0.9968965417241382,2.1857447624206543,0.3629763754795829,0.9968965417241382,0.16059184074401855,0.5795684939283955,0.9873563118390803,0.008677482604980469,0.3622669464684436,0.9999999900000003,True,True,0.7496631145477295,14
0.6407229080748654,0.9416666566666668,0.051479339599609375,0.4826977485956978,0.9583333233333334,0.08389019966125488,1.5,20,0.4573617829911449,0.9583333233333334,0.7312049865722656,0.4601543340366909,0.9666666566666666,0.0488734245300293,0.6111558460136722,0.9449999900000001,0.007611751556396484,0.4559124504440773,0.9666666566666668,False,True,17.277491331100464,15
0.5622374874231083,0.9374893244709896,0.05702829360961914,0.37430361242036136,0.9406143244709897,0.08464217185974121,1.5,20,0.2943892376867773,0.9406143244709897,2.0344619750976562,0.3102120475702497,0.9406143244709897,0.12436294555664062,0.5744162554132742,0.883688032972386,0.007959842681884766,0.2943892376867773,0.9406143244709897,False,True,23.298340559005737,16
0.5583630575708847,0.9833333233333338,0.050087928771972656,0.3959922287570393,0.9999999900000003,0.07972049713134766,1.5,20,0.262786907696577,0.9999999900000003,2.0798890590667725,0.26815720957915057,0.9999999900000003,0.11670446395874023,0.5756398953427265,0.9577656664071895,0.006675004959106445,0.25834260208919113,0.9999999900000003,True,True,0.826000452041626,17
0.41864409488824517,0.9999999900000003,0.05466413497924805,0.2436278675804583,0.9999999900000003,0.0818631649017334,1.5,20,0.1907905449625959,0.9999999900000003,2.3233602046966553,0.19811387400050662,0.9999999900000003,0.15391993522644043,0.452375017819051,0.9613726298106705,0.008135080337524414,0.1896135522454889,0.9999999900000003,True,True,0.5452914237976074,18
0.4410253029723077,0.9275640925641028,0.053170204162597656,0.29491882986050777,0.9275640925641028,0.09331083297729492,1.5,20,0.2619689553981709,0.9275640925641028,0.8753459453582764,0.25802600176826723,0.9275640925641027,0.057021379470825195,0.3919043682797687,0.9275640925641027,0.007409095764160156,0.25723088217872403,0.9275640925641028,True,True,5.030925035476685,19
0.774472038690098,0.9997311727956992,0.1549372673034668,0.4727375552924992,0.9999999900000003,0.18093323707580566,1.0,40,0.3541495860706898,0.9999999900000003,26.993605375289917,0.3645110013683209,0.9999999900000003,0.8704931735992432,0.7840812492055395,0.9693548287096775,0.010627985000610352,0.3538089141435619,0.9999999900000003,True,True,1.6730055809020996,0
0.7728372626275347,0.9905373731775698,0.13949275016784668,0.5413921535268422,0.9999999899999998,0.16700243949890137,1.0,40,0.4776128318617616,0.9999999899999998,13.741191148757935,0.4619950819913093,0.9999999899999998,0.45813846588134766,0.7310720545648235,0.9821261582242988,0.010284423828125,0.4614449893043643,0.9999999899999998,True,True,0.28073740005493164,1
0.47606919657892616,0.9958549122797932,0.14087438583374023,0.3718578471348373,0.9999999900000003,0.17165493965148926,1.0,40,0.257873228330927,0.9999999900000003,26.75495719909668,0.26080883446592423,0.9999999900000003,0.8056595325469971,0.6688668942861934,0.9735751195336787,0.009876728057861328,0.2572141184311201,0.9999999900000003,True,True,0.8575162887573242,2
0.3523973786823806,0.9999999900000003,0.13920855522155762,0.22467078354826722,0.9999999900000003,0.16737818717956543,1.0,40,0.1558638187898914,0.9999999900000003,28.495441198349,0.16492872611787956,0.9999999900000003,1.033146858215332,0.5032030355399295,0.9950788361538464,0.009150505065917969,0.1558638187898914,0.9999999900000003,True,True,0.9467382431030273,3
0.6920013822439078,0.9945833233333333,0.13950514793395996,0.653537197279166,0.9972222122222225,0.17427539825439453,1.0,40,0.38520877084943866,0.9999999900000003,13.264040231704712,0.38915810556617253,0.9999999900000003,0.4047863483428955,0.7227219142240152,0.9838888788888891,0.009827136993408203,0.3851357932265162,0.9999999900000003,True,True,0.6772773265838623,4
0.3898647083592665,0.9999999899999998,0.1413259506225586,0.2857100802852551,0.9999999899999998,0.17975950241088867,1.0,40,0.21485840189119065,0.9999999899999998,40.4448778629303,0.2178579395454878,0.9999999899999998,1.448681116104126,0.42436593761709107,0.994179884179894,0.009692907333374023,0.21281938587425675,0.9999999899999998,True,True,0.6426362991333008,5
0.12704871406583634,0.9999999899999998,0.14996933937072754,0.09465936939852257,0.9999999899999998,0.17673063278198242,1.0,40,0.07531926989328241,0.9999999899999998,52.925307273864746,0.07878116467739614,0.9999999899999998,2.260972738265991,0.19638771018218268,0.9999999899999998,0.009313344955444336,0.0751393549082845,0.9999999899999998,True,True,1.9909019470214844,6
0.6102710977024237,0.9999999900000003,0.09970736503601074,0.44855098688344947,0.9999999900000003,0.18352818489074707,1.0,40,0.3385095543516129,0.9999999900000003,1.4160122871398926,0.3385095543516129,0.9999999900000003,0.04963803291320801,0.6129315864699673,0.9999999900000003,0.007852554321289062,0.3385095543516129,0.9999999900000003,True,True,0.056993722915649414,7
0.6243037358814201,0.9999999900000003,0.1362290382385254,0.3309767114989624,0.9999999900000003,0.16730022430419922,1.0,40,0.2887788597395903,0.9999999900000003,25.315613269805908,0.2998895459854914,0.9998717848717951,0.752572774887085,0.6594573381895685,0.9851203297829167,0.009136438369750977,0.28856901277000674,0.9999999900000003,True,True,1.2440972328186035,8
0.13540553261727567,0.9999999900000003,0.11865901947021484,0.11011773671672598,0.9999999900000003,0.16877341270446777,1.0,40,0.10280492454626136,0.9999999900000003,31.831929445266724,0.10547954478517123,0.9999999900000003,1.0615003108978271,0.20009760026094417,0.9999999900000003,0.008469104766845703,0.10191112273170366,0.9999999900000003,True,False,15.048185586929321,9
0.5108595896417092,0.9999999900000003,0.13768410682678223,0.3207984110478007,0.9999999900000003,0.17273640632629395,1.0,40,0.2552174955497544,0.9999999900000003,28.11420440673828,0.2611588301414466,0.9999999900000003,0.9796450138092041,0.5805315604624843,0.9949999900000002,0.009638309478759766,0.25516719296672297,0.9999999900000003,True,True,0.9164574146270752,10
0.3196185301798089,0.9999999900000003,0.1342787742614746,0.1833370961559873,0.9999999900000003,0.18695425987243652,1.0,40,0.1670569292239368,0.9999999900000003,24.25006341934204,0.17140865970278724,0.9999999900000003,0.8181211948394775,0.3495331138018093,0.9999999900000003,0.01568913459777832,0.16676755217396222,0.9999999900000003,True,True,1.4210638999938965,11
0.22441568155356317,0.9999999900000003,0.13681840896606445,0.16017094130848547,0.9999999900000003,0.18996429443359375,1.0,40,0.10759851565539584,0.9999999900000003,24.845149517059326,0.10490733517350578,0.9999999900000003,0.9015300273895264,0.36306620883200263,0.9962209202325585,0.009032964706420898,0.10477857553527646,0.9999999900000003,True,True,0.337862491607666,12
0.5539346652480841,0.9999999900000003,0.14395880699157715,0.47110809265314785,0.9999999900000003,0.1719057559967041,1.0,40,0.2966411569622824,0.9958333233333336,28.534505128860474,0.30117369931002064,0.9999999900000003,0.8088150024414062,0.5916960648671075,0.9770833233333335,0.010408163070678711,0.2957418863849137,0.9999999900000003,True,True,1.3593547344207764,13
0.5276419988245357,0.9996212021212123,0.13945317268371582,0.27626724289794824,0.9999999900000003,0.17823433876037598,1.0,40,0.17706473828729208,0.9999999900000003,34.63863682746887,0.1771177625675823,0.9999999900000003,1.050851583480835,0.5379890677200428,0.9895833233333334,0.00995326042175293,0.17688917965455137,0.9999999900000003,True,True,1.077282190322876,14
0.4666968779445088,0.9999999900000003,0.1303861141204834,0.1995578407322556,0.9999999900000003,0.17217183113098145,1.0,40,0.16525445522980284,0.9999999900000003,16.36959218978882,0.1658181460603744,0.9999999900000003,0.6178836822509766,0.5046888334571914,0.9999999900000003,0.008605241775512695,0.1651985407579664,0.9999999900000003,True,True,0.36927032470703125,15
0.4702844579501563,0.9999999900000003,0.14148545265197754,0.2938530374365834,0.9999999900000003,0.17845797538757324,1.0,40,0.2451829301318323,0.9999999900000003,30.3639395236969,0.25619790097734413,0.9999999900000003,1.0482454299926758,0.5935105398134803,0.9811538361538463,0.01014566421508789,0.24484809017365192,0.9999999900000003,True,True,2.940032720565796,16
0.3768141395495466,0.9999999899999998,0.13696002960205078,0.26416097993562454,0.9999999899999998,0.17674016952514648,1.0,40,0.17676175215880396,0.9999999899999998,35.76296138763428,0.17676175215880396,0.9999999899999998,1.1430926322937012,0.4960567065475294,0.9972040270976537,0.010057687759399414,0.17545220469583456,0.9999999899999998,True,True,1.2395939826965332,17
0.29751522978440414,0.9999999899999998,0.1326916217803955,0.1791881132571263,0.9999999899999998,0.17467832565307617,1.0,40,0.1288040526836123,0.9999999899999998,34.438031911849976,0.1300987467037949,0.9999999899999998,1.3473844528198242,0.40216723638021745,0.9893356543356642,0.009128570556640625,0.1278252524101113,0.9999999899999998,True,True,0.7302868366241455,18
0.225939161048732,0.9997126336781612,0.10994362831115723,0.18008949589707335,0.9997126336781612,0.1769411563873291,1.0,40,0.1701887051503487,0.9997126336781612,11.189519882202148,0.17070692641062066,0.9997126336781612,0.3123190402984619,0.21437207067619826,0.9997126336781612,0.008128166198730469,0.17019976695706118,0.9997126336781612,False,True,16.58699893951416,19
0.6913625304252873,0.9685682671589761,0.14385533332824707,0.6798761226296671,0.9800448330493279,0.17448854446411133,1.2,40,0.45671055933291826,0.9751452032302046,23.4494788646698,0.4621505605907291,0.9723056450395766,0.6825854778289795,0.8299671428737868,0.950711525928645,0.009700536727905273,0.4693695703889183,0.9800448330493277,True,True,14.609822034835815,0
0.8109943354796765,0.9604495595544661,0.1387772560119629,0.6929151800280068,0.9610359445139179,0.17149972915649414,1.2,40,0.5597091512611755,0.9610027650128183,12.050429582595825,0.5606497679455463,0.9610027650128184,0.37057971954345703,0.8052532796076276,0.9441045959180165,0.009199380874633789,0.5755755332252444,0.9610359445139199,False,False,30.04123282432556,1
0.7013221932865518,0.9904761804761908,0.14582085609436035,0.5352101924067212,0.9999999900000003,0.17181968688964844,1.2,40,0.372009300073785,0.9999999900000003,23.946743965148926,0.37315311513856375,0.9999999900000003,0.7236008644104004,0.7615141305582142,0.9775458034266427,0.010380744934082031,0.3697803197162552,0.9999999900000003,True,True,1.430572271347046,2
0.5514802442740393,0.9919462987248323,0.14022016525268555,0.3340862252881001,0.9999999900000003,0.17389917373657227,1.2,40,0.22411672020174805,0.9999999900000003,26.978965759277344,0.2243909864833076,0.9999999900000003,0.9839158058166504,0.5976030858530329,0.9877516678523491,0.010234594345092773,0.22375584422810596,0.9999999900000003,True,True,1.9803276062011719,3
0.7528161103541072,0.9774073974074078,0.1296710968017578,0.7616515115228714,0.9740740640740742,0.19536709785461426,1.2,40,0.5391096905933569,0.9874999900000002,11.830753564834595,0.5390805237250563,0.9874999900000002,0.33858633041381836,0.7726185685238868,0.9795370270370375,0.013699531555175781,0.5474312771854793,0.9907407307407411,False,True,24.424145936965942,4
0.4579889453064529,0.9748817617844265,0.14331603050231934,0.3899576610789792,0.9755530873451328,0.18886661529541016,1.2,40,0.2812639535893181,0.9755530873451326,36.88295340538025,0.2816335965431933,0.9755530873451328,1.2434935569763184,0.5644506228890206,0.9755530873451326,0.009174585342407227,0.27991442028267205,0.9755530873451328,True,True,13.18445372581482,5
0.29035689835966716,0.9999999899999998,0.13219571113586426,0.14188583554142598,0.9999999899999998,0.17653894424438477,1.2,40,0.10881756145351301,0.9999999899999998,49.88421869277954,0.11084812694582402,0.9999999899999998,1.5458552837371826,0.2703944736031511,0.9999999899999998,0.009162187576293945,0.10824962820779274,0.9999999899999998,True,True,1.3847451210021973,6
0.7189474388192632,0.9925480669230773,0.10051512718200684,0.6488646679326382,0.9975961438461539,0.18733453750610352,1.2,40,0.4869695471230771,0.9999999900000003,1.3789165019989014,0.4869695471230771,0.9999999900000003,0.040581703186035156,0.6583285613347301,0.989423066923077,0.009851932525634766,0.4869695471230771,0.9999999900000003,True,True,0.07680487632751465,7
0.6407347966940804,0.976388878888889,0.13506197929382324,0.42028693866074357,0.976388878888889,0.1821424961090088,1.2,40,0.3677410659042245,0.9763888788888891,18.793986558914185,0.364860494637578,0.9694871694871796,0.5042693614959717,0.8024287775338736,0.9727510583760687,0.00893545150756836,0.36771583017069637,0.9763888788888891,False,True,17.58527970314026,8
0.236288154915428,0.9999999900000003,0.12299942970275879,0.16163177339300042,0.9999999900000003,0.17972302436828613,1.2,40,0.1479887782883184,0.9999999900000003,29.051980018615723,0.15986200680173193,0.9999999900000003,1.0959017276763916,0.29433357582995906,0.9999999900000003,0.008860588073730469,0.14745139676231034,0.9999999900000003,True,False,15.067501544952393,9
0.5489739591762767,0.9760752588172045,0.15203237533569336,0.39840210904650974,0.9760752588172046,0.18044495582580566,1.2,40,0.3160606058457003,0.9760752588172045,24.367433547973633,0.3161941878345729,0.9760752588172045,0.7334938049316406,0.6844452339517337,0.9428142529827863,0.011079549789428711,0.31473705142447134,0.9760752588172045,True,True,17.92538356781006,10
0.3845740491709803,0.9589040995890414,0.1414492130279541,0.22878768338320624,0.9589040995890414,0.18980860710144043,1.2,40,0.19893602959969117,0.9589040995890414,24.41439723968506,0.20196906609089743,0.9589040995890414,0.8694581985473633,0.3811305598260174,0.9546267722197375,0.009474992752075195,0.1990574702746662,0.9589040995890414,False,False,30.039150953292847,11
0.3547819559453514,0.9999999900000003,0.14248943328857422,0.22245352154512005,0.9999999900000003,0.1923058032989502,1.2,40,0.15101720696661936,0.9999999900000003,23.78908371925354,0.1542532895833925,0.9999999900000003,0.8604815006256104,0.45681184562925525,0.9900005544615041,0.010730981826782227,0.15101720696661938,0.9999999900000003,True,True,0.3160431385040283,12
0.6895736126802139,0.9773611011111113,0.1494126319885254,0.67709438842941,0.979236101111111,0.18266558647155762,1.2,40,0.4081892148746023,0.9868055455555558,22.413992643356323,0.41136133062356456,0.9895833233333334,0.8019912242889404,0.7512902122463198,0.9543055455555558,0.011511802673339844,0.4114806833199328,0.9909722122222224,False,True,28.243675708770752,13
0.5495993391475801,0.9999999900000003,0.14014983177185059,0.39703022393466686,0.9999999900000003,0.16968345642089844,1.2,40,0.2546085030390142,0.9999999900000003,29.941779613494873,0.25399629365891047,0.9999999900000003,0.8580949306488037,0.6585186360505901,0.9837025216455697,0.010545969009399414,0.2536664010168156,0.9999999900000003,True,True,2.4711151123046875,14
0.4883671819449698,0.9999999900000003,0.12927603721618652,0.3177409012364723,0.9999999900000003,0.17209362983703613,1.2,40,0.2392550575980191,0.9999999900000003,14.307464361190796,0.23984607061638685,0.9999999900000003,0.5755829811096191,0.5741143361143722,0.9777108333734944,0.01142430305480957,0.2388678362533251,0.9999999900000003,True,True,0.6268367767333984,15
0.4877301890591367,0.9769230669230773,0.16501498222351074,0.38497796707322296,0.9769230669230773,0.1917731761932373,1.2,40,0.3107583012975156,0.9769230669230773,28.023174285888672,0.31809589086725454,0.9769230669230773,0.9141759872436523,0.6512824850140265,0.9596153746153847,0.01061558723449707,0.30865740393926483,0.9769230669230773,False,True,26.153332471847534,16
0.5231479914140961,0.9999999899999998,0.13685369491577148,0.39151050785169433,0.9999999899999998,0.16914939880371094,1.2,40,0.2506582657693994,0.9987777677777775,31.344284296035767,0.2520949789515166,0.9987777677777776,1.0112521648406982,0.591454214582788,0.9686111011111109,0.009351491928100586,0.25481751987367235,0.9999999899999998,True,True,2.0748496055603027,17
0.4315119439255923,0.9999999899999998,0.13625264167785645,0.2665100424416987,0.9999999899999998,0.18781113624572754,1.2,40,0.18414510275840623,0.9999999899999998,32.23241662979126,0.18388762163445094,0.9999999899999998,1.0244088172912598,0.5093251651097446,0.9924418504651161,0.010232210159301758,0.1830140370798716,0.9999999899999998,True,True,1.0755727291107178,18
0.22589068248646108,0.9564285614285716,0.11267471313476562,0.19094354674551925,0.9564285614285716,0.1963951587677002,1.2,40,0.1750074535016022,0.9564285614285717,10.777626276016235,0.1753507567988586,0.9564285614285716,0.34682774543762207,0.24157524347913104,0.9564285614285717,0.007963895797729492,0.17492725611187612,0.9564285614285716,True,True,18.35431671142578,19
0.8320987020213815,0.946326154874552,0.14091992378234863,0.6509880089472834,0.8833458219873238,0.19434785842895508,1.5,40,0.6658043632892914,0.9457885204659497,16.596262454986572,0.6029904206626758,0.9173911940241821,0.5394561290740967,0.8602548943145265,0.9337333489349694,0.009271860122680664,0.6710615273306514,0.9549283054121867,False,False,30.0295672416687,0
0.85865921475256,0.8841635663468022,0.1443626880645752,0.7794115474659468,0.8605060270348824,0.24421906471252441,1.5,40,0.6399332077925918,0.8834393934500389,8.098528385162354,0.6521485423315949,0.8871630763647744,0.2611539363861084,0.9056515040636918,0.8760508106630397,0.009720802307128906,0.6685669881329079,0.8880378348934845,False,False,30.07223343849182,1
0.8307106197894252,0.9927055509039467,0.14595317840576172,0.7473555997211021,0.936373747460026,0.17627906799316406,1.5,40,0.5525092561820482,0.9880123807019485,16.87086033821106,0.5589885480886736,0.9864186751211074,0.5341987609863281,0.8209267654246754,0.9600532570964411,0.009630918502807617,0.5946109265956179,0.9999999900000003,True,True,6.26143217086792,2
0.6492395276259197,0.9965240541711232,0.1442244052886963,0.480549609531919,0.9999999900000003,0.16869640350341797,1.5,40,0.3492939395031386,0.9999999900000003,25.710859060287476,0.3101102034276786,0.9636363536363639,0.7873456478118896,0.7073275355374106,0.9914438402673799,0.011082887649536133,0.3492084207689441,0.9999999900000003,True,True,1.8021180629730225,3
0.8490411053705497,0.9044444344444447,0.13741731643676758,0.8201520742507425,0.8497222122222221,0.18956780433654785,1.5,40,0.6258550013010267,0.9031481381481482,9.877613306045532,0.6102485741498683,0.8972222122222224,0.28882884979248047,0.8345596061538868,0.8931481381481481,0.009635686874389648,0.6338926183255112,0.9050925825925928,False,False,30.063618183135986,4
0.6491516415211406,0.9451147561256512,0.142225980758667,0.5528635482026065,0.9466101594915253,0.1968071460723877,1.5,40,0.3847215491389406,0.9466101594915255,26.09313726425171,0.3823180834127218,0.9466101594915255,0.8840060234069824,0.6468499712993134,0.9292073326364015,0.009288787841796875,0.3799540620157083,0.9466101594915253,False,True,24.294198513031006,5
0.3628162578641609,0.9999999899999998,0.13738608360290527,0.23616784108353506,0.9999999899999998,0.18109488487243652,1.5,40,0.1694397683936791,0.9999999899999998,40.27157163619995,0.17413278962628437,0.9999999899999998,1.3110365867614746,0.42271161962255854,0.9999999899999998,0.009289026260375977,0.1689999968730227,0.9999999899999998,True,True,2.7474708557128906,6
0.7502052475464375,0.9565525658645025,0.10069060325622559,0.7471349356644539,0.9176900872590629,0.19566655158996582,1.5,40,0.6314921400590672,0.9588461438461542,1.4070515632629395,0.6314921400590672,0.9588461438461542,0.0441594123840332,0.7024864999286378,0.9448076823076926,0.009856700897216797,0.6222047104053615,0.958846143846154,True,True,6.945266008377075,7
0.7552897585504053,0.9459460399076821,0.1323544979095459,0.5673906134888813,0.892128479900968,0.18483757972717285,1.5,40,0.5100593798615786,0.9460531067370992,14.418394804000854,0.4754027432198945,0.9331967113114757,0.3215200901031494,0.8418901729811161,0.9136750506487019,0.008977890014648438,0.519633273736206,0.9479508096721313,False,True,24.70751953125,8
0.33470308262293075,0.9999999900000003,0.14438557624816895,0.2507596665500314,0.9999999900000003,0.19272136688232422,1.5,40,0.23087114123256125,0.9999999900000003,28.2274649143219,0.2208475560840019,0.9846405128758171,1.0512030124664307,0.47435258809042824,0.9999999900000003,0.00992584228515625,0.23021882106842886,0.9999999900000003,True,False,15.182549238204956,9
0.7279797078424676,0.9402945269619536,0.16121339797973633,0.6238465166515742,0.9382152975822606,0.20204877853393555,1.5,40,0.45159264815253586,0.9458333233333335,23.116836071014404,0.4264477085396637,0.9396101473676683,0.7078924179077148,0.8109088992964931,0.9324874885990522,0.010170221328735352,0.4364313912620672,0.9458333233333335,False,False,30.04101586341858,10
0.48682647149436137,0.9096493932395567,0.13432693481445312,0.2846148016157664,0.9112744998039218,0.22484683990478516,1.5,40,0.2539361007277668,0.9112744998039217,22.96712017059326,0.25911830035460337,0.9112744998039217,0.7730042934417725,0.4612204191590772,0.9089909361052182,0.010308265686035156,0.253944338303745,0.9112744998039217,False,False,30.029786825180054,11
0.37569216566584396,0.9999999900000003,0.14689874649047852,0.3625235393301362,0.9999999900000003,0.17393255233764648,1.5,40,0.23634215255330418,0.9999999900000003,20.9526047706604,0.24113612351045913,0.9999999900000003,0.7801840305328369,0.49773501105871476,0.9801546665195975,0.014657020568847656,0.23605446179288614,0.9999999900000003,True,True,0.295546293258667,12
0.845883085823496,0.9511111011111112,0.14312529563903809,0.8671598002953712,0.9083333233333335,0.178788423538208,1.5,40,0.5865344317452503,0.9572222122222224,18.625208854675293,0.5982831858302178,0.9613888788888889,0.5960662364959717,0.8697181005672047,0.9522222122222225,0.009649038314819336,0.10550571783017537,0.17499998999999997,False,False,30.036747217178345,13
0.7521887631524791,0.9891414041414144,0.1525561809539795,0.5582377253400843,0.9999999900000003,0.17980027198791504,1.5,40,0.4024433156673814,0.9999999900000003,21.06207513809204,0.3942825307198476,0.9968181718181821,0.5107121467590332,0.7630306823012305,0.9800504950505055,0.009909629821777344,0.3990287304452523,0.9999999900000003,True,True,1.6031098365783691,14
0.5162918210475083,0.9999999900000003,0.13538813591003418,0.44087969844333524,0.9999999900000003,0.16878485679626465,1.5,40,0.37193887977979473,0.9999999900000003,13.732034921646118,0.373390850953494,0.9999999900000003,0.4879121780395508,0.7154523373245457,0.9861847822192751,0.008791923522949219,0.3718522760076651,0.9999999900000003,True,True,1.0982601642608643,15
0.6290719538687117,0.9442901134567903,0.15671062469482422,0.5026735546840639,0.94429011345679,0.1984264850616455,1.5,40,0.3983661974826854,0.94429011345679,21.804384231567383,0.4013052292880552,0.94429011345679,0.8164982795715332,0.7816826535484814,0.9320180336847106,0.01077723503112793,0.3957676262274041,0.9442901134567905,False,False,30.03777241706848,16
0.5919237047892763,0.9879003458718861,0.14327359199523926,0.5789758974674952,0.9942170718505337,0.2011876106262207,1.5,40,0.3846578036652674,0.9883451857295371,21.384249448776245,0.3492088170547535,0.9711743672241993,0.6155974864959717,0.7089208981277431,0.989748902613681,0.011415481567382812,0.10124079624288992,0.22499998999999998,False,False,30.039517879486084,17
0.5761378189432825,0.9999999899999998,0.14970970153808594,0.44771740663995935,0.9999999899999998,0.18346643447875977,1.5,40,0.28779015343084674,0.9999999899999998,29.260607481002808,0.28733076330465107,0.9999999899999998,0.9638068675994873,0.5878607931060584,0.9733720830232556,0.011775732040405273,0.28602007352514247,0.9999999899999998,True,True,0.9151649475097656,18
0.28347922400188114,0.9137404480152671,0.12409782409667969,0.21531939608879413,0.9137404480152675,0.20957636833190918,1.5,40,0.1937203924026608,0.9137404480152673,10.560061931610107,0.18924210604603253,0.9137404480152673,0.3967423439025879,0.3072109554747347,0.9137404480152673,0.008878231048583984,0.1879294168448091,0.9137404480152675,True,True,10.279076099395752,19
